model,delta,loss_mse_vs_ref,n_shifted_gates,value_Mz,ref_Mz,value_XX_bond_avg,ref_XX_bond_avg,value_YY_bond_avg,ref_YY_bond_avg,value_ZZ_bond_avg,ref_ZZ_bond_avg,value_E_bond,ref_E_bond
heisenberg,-6.283185307179589,6.685451645391476e-05,60.0,0.7194676697474168,0.7169876017330581,-0.011232451585041445,-0.012074758238173989,-0.00969324301189118,-0.006957070082509616,0.5118430871308012,0.5109487851385262,0.49091739253386857,0.49191695681784253
ising,-6.283185307179589,0.00015155058823529513,20.0,0.8956,0.8996400000000001,5.804418289982506e-35,-6.219055028315628e-20,-5.804418289982506e-35,-5.28725821232346e-20,0.7860000000000001,0.791,0.7860000000000001,0.791
heisenberg,-5.945338651496838,0.000876640660441586,60.0,0.6814658845760695,0.7169876017330581,-0.006855338183544962,-0.012074758238173989,-0.011191932166927761,-0.006957070082509616,0.4710333844847785,0.5109487851385262,0.4529861141343058,0.49191695681784253
ising,-5.945338651496838,0.00037733882352941145,20.0,0.9084,0.8996400000000001,-1.4856540615347707e-19,-6.219055028315628e-20,-1.4856540615347707e-19,-5.28725821232346e-20,0.8165,0.791,0.8165,0.791
heisenberg,-5.625656782159669,0.0006483110492723048,60.0,0.6853898609520498,0.7169876017330581,-0.004508682109649796,-0.012074758238173989,-0.016372029129426115,-0.006957070082509616,0.4909229094143926,0.5109487851385262,0.4700421981753167,0.49191695681784253
ising,-5.625656782159669,0.00015940941176470383,20.0,0.9056,0.8996400000000001,-2.804590240028314e-35,-6.219055028315628e-20,-1.945405086261209e-35,-5.28725821232346e-20,0.8054999999999999,0.791,0.8054999999999999,0.791
heisenberg,-5.323162975520285,0.0026779586884623776,60.0,0.647044226534242,0.7169876017330581,-0.0016751639889677325,-0.012074758238173989,-0.014365509476295456,-0.006957070082509616,0.4498250026391218,0.5109487851385262,0.4337843291738586,0.49191695681784253
ising,-5.323162975520285,0.000140868235294117,20.0,0.8916000000000001,0.8996400000000001,-1.1834709777186881e-20,-6.219055028315628e-20,-1.1834709777186803e-20,-5.28725821232346e-20,0.7750000000000001,0.791,0.7750000000000001,0.791
heisenberg,-5.03693302259909,0.0007392134042543607,60.0,0.6934253886348171,0.7169876017330581,-0.00042263491671625284,-0.012074758238173989,-0.002301098386655618,-0.006957070082509616,0.5093963864122253,0.5109487851385262,0.5066726531088535,0.49191695681784253
ising,-5.03693302259909,0.00015606823529411748,20.0,0.8924,0.8996400000000001,-6.690908947755956e-35,-6.219055028315628e-20,6.690908947755956e-35,-5.28725821232346e-20,0.7765,0.791,0.7765,0.791
heisenberg,-4.766092405350053,0.0007738389080465111,60.0,0.6765829590264246,0.7169876017330581,-0.008582530803637717,-0.012074758238173989,-0.020477624452277732,-0.006957070082509616,0.4939058369606472,0.5109487851385262,0.4648456817047318,0.49191695681784253
ising,-4.766092405350053,0.0001375741176470578,20.0,0.9048,0.8996400000000001,8.972118539440278e-20,-6.219055028315628e-20,8.972118539440236e-20,-5.28725821232346e-20,0.7975,0.791,0.7975,0.791
heisenberg,-4.509813624746714,0.00036537900759559216,60.0,0.6959343593141737,0.7169876017330581,0.0002160988406582525,-0.012074758238173989,-0.0068926188573603855,-0.006957070082509616,0.5089401046015791,0.5109487851385262,0.502263584584877,0.49191695681784253
ising,-4.509813624746714,8.63294117647051e-06,20.0,0.9012,0.8996400000000001,-3.1720206618276554e-35,-6.219055028315628e-20,3.1720206618276554e-35,-5.28725821232346e-20,0.7895,0.791,0.7895,0.791
heisenberg,-4.267313672525386,0.00018607868301145103,60.0,0.7214460813020065,0.7169876017330581,-0.003245720165423256,-0.012074758238173989,-0.003917020619430958,-0.006957070082509616,0.5272709266695936,0.5109487851385262,0.5201081858847394,0.49191695681784253
ising,-4.267313672525386,7.663294117647074e-05,20.0,0.9019999999999999,0.8996400000000001,4.979775502872808e-35,-6.219055028315628e-20,1.0254867238825042e-34,-5.28725821232346e-20,0.7925,0.791,0.7925,0.791
heisenberg,-4.037851638860891,8.423908606384117e-05,60.0,0.714380037953535,0.7169876017330581,-0.013582212299931489,-0.012074758238173989,-0.008428801034409381,-0.006957070082509616,0.5048018115555716,0.5109487851385262,0.4827907982212307,0.49191695681784253
ising,-4.037851638860891,4.453882352941159e-05,20.0,0.9048,0.8996400000000001,-3.4797751190980816e-20,-6.219055028315628e-20,-3.479775119098089e-20,-5.28725821232346e-20,0.7995,0.791,0.7995,0.791
heisenberg,-3.820726448665623,0.000610382258481367,60.0,0.7474211216520515,0.7169876017330581,-0.009885730387030273,-0.012074758238173989,-0.005390221568837474,-0.006957070082509616,0.5451580178605042,0.5109487851385262,0.5298820659046365,0.49191695681784253
ising,-3.820726448665623,7.385647058823528e-05,20.0,0.9036,0.8996400000000001,-8.413983158286198e-20,-6.219055028315628e-20,-1.1217793841485212e-19,-5.28725821232346e-20,0.802,0.791,0.802,0.791
heisenberg,-3.615274719595643,0.0014350370616615692,60.0,0.7339587489128855,0.7169876017330581,-0.0013936892832196888,-0.012074758238173989,-0.0006817514276407333,-0.006957070082509616,0.5139308846412572,0.5109487851385262,0.5118554439303968,0.49191695681784253
ising,-3.615274719595643,3.211529411764727e-05,20.0,0.8984,0.8996400000000001,2.1761850356442627e-35,-6.219055028315628e-20,-2.1761850356442627e-35,-5.28725821232346e-20,0.7945,0.791,0.7945,0.791
heisenberg,-3.420868735219366,0.0023107353588418503,60.0,0.7175626922253329,0.7169876017330581,-0.0036523603361086317,-0.012074758238173989,-0.001570000224273389,-0.006957070082509616,0.47969297953914025,0.5109487851385262,0.47447061897875825,0.49191695681784253
ising,-3.420868735219366,0.00023512705882352953,20.0,0.9048,0.8996400000000001,4.286497236125358e-35,-6.219055028315628e-20,-2.581029723070301e-34,-5.28725821232346e-20,0.8085,0.791,0.8085,0.791
heisenberg,-3.2369145271562667,0.00013372720143060355,60.0,0.7253010904469355,0.7169876017330581,-0.012761030133652589,-0.012074758238173989,-0.009635591432194234,-0.006957070082509616,0.5212616664610631,0.5109487851385262,0.49886504489521627,0.49191695681784253
ising,-3.2369145271562667,0.0003040682352941179,20.0,0.8855999999999999,0.8996400000000001,-2.0010518140879624e-34,-6.219055028315628e-20,-2.1016144436390047e-34,-5.28725821232346e-20,0.7615,0.791,0.7615,0.791
heisenberg,-3.0628500603259736,9.301730110376511e-05,60.0,0.7144591572240842,0.7169876017330581,-0.012151168095842178,-0.012074758238173989,-0.007356542786560005,-0.006957070082509616,0.5079647390585975,0.5109487851385262,0.48845702817619535,0.49191695681784253
ising,-3.0628500603259736,8.185647058823508e-05,20.0,0.9076000000000001,0.8996400000000001,6.246949643205773e-22,-6.219055028315628e-20,-6.24694964320596e-22,-5.28725821232346e-20,0.803,0.791,0.803,0.791
heisenberg,-2.898143515763133,0.00011424148176148684,60.0,0.7133631529091967,0.7169876017330581,-0.005561612954214107,-0.012074758238173989,-0.006871274605641697,-0.006957070082509616,0.5199416715180724,0.5109487851385262,0.5075087839582165,0.49191695681784253
ising,-2.898143515763133,0.00019286823529411756,20.0,0.8924,0.8996400000000001,-4.107622974568852e-20,-6.219055028315628e-20,-4.1076229745688496e-20,-5.28725821232346e-20,0.7735000000000001,0.791,0.7735000000000001,0.791
heisenberg,-2.7422916657515257,0.0005466700657854544,60.0,0.692352816645323,0.7169876017330581,-0.004237992009828717,-0.012074758238173989,-0.011604364761698755,-0.006957070082509616,0.48797366265296366,0.5109487851385262,0.4721313058814362,0.49191695681784253
ising,-2.7422916657515257,0.00010835058823529361,20.0,0.9031999999999998,0.8996400000000001,2.5318385517966074e-35,-6.219055028315628e-20,-5.337629385837482e-35,-5.28725821232346e-20,0.8054999999999999,0.791,0.8054999999999999,0.791
heisenberg,-2.594818336313024,0.0005778836708866559,60.0,0.6889766995287847,0.7169876017330581,-0.008725937731820359,-0.012074758238173989,-0.01621381397914216,-0.006957070082509616,0.4876540129462625,0.5109487851385262,0.46271426123529996,0.49191695681784253
ising,-2.594818336313024,0.00013385647058823511,20.0,0.8952,0.8996400000000001,3.0790045103061416e-35,-6.219055028315628e-20,-3.0790045103061416e-35,-5.28725821232346e-20,0.7810000000000001,0.791,0.7810000000000001,0.791
heisenberg,-2.4552729523537695,0.00167449698629617,60.0,0.6637303915936625,0.7169876017330581,-0.002895503304637842,-0.012074758238173989,-0.015291383228965474,-0.006957070082509616,0.46125462954379515,0.5109487851385262,0.4430677430101918,0.49191695681784253
ising,-2.4552729523537695,8.049176470588227e-05,20.0,0.9088,0.8996400000000001,-4.366922889501168e-35,-6.219055028315628e-20,4.366922889501168e-35,-5.28725821232346e-20,0.804,0.791,0.804,0.791
heisenberg,-2.3232291610226077,0.001020572738112128,60.0,0.6761260902249742,0.7169876017330581,-0.00439891077745992,-0.012074758238173989,-0.01818873024544184,-0.006957070082509616,0.4699751813931397,0.5109487851385262,0.4473875403702379,0.49191695681784253
ising,-2.3232291610226077,0.00012623294117647095,20.0,0.8896000000000001,0.8996400000000001,-3.062364088427853e-21,-6.219055028315628e-20,-3.0623640884276966e-21,-5.28725821232346e-20,0.7725,0.791,0.7725,0.791
heisenberg,-2.1982835290757192,0.0019575073444588285,60.0,0.6576937037019436,0.7169876017330581,0.0030754452328618474,-0.012074758238173989,-0.012443408655143574,-0.006957070082509616,0.45548817503401673,0.5109487851385262,0.446120211611735,0.49191695681784253
ising,-2.1982835290757192,0.0002171505882352941,20.0,0.9084000000000001,0.8996400000000001,3.5806742327566165e-35,-6.219055028315628e-20,-3.5806742327566165e-35,-5.28725821232346e-20,0.8070000000000003,0.791,0.8070000000000003,0.791
heisenberg,-2.080054310267486,0.0014595641365859593,60.0,0.666414991638473,0.7169876017330581,-0.00025528913638171074,-0.012074758238173989,-0.0045670306931802716,-0.006957070082509616,0.46440050771655395,0.5109487851385262,0.45957818788699195,0.49191695681784253
ising,-2.080054310267486,0.0001979035294117658,20.0,0.8960000000000001,0.8996400000000001,4.091974673160794e-36,-6.219055028315628e-20,2.467581237088345e-37,-5.28725821232346e-20,0.7885,0.791,0.7885,0.791
heisenberg,-1.9681802790016327,0.0016630376741780988,60.0,0.6588004309301531,0.7169876017330581,-6.480406267749952e-07,-0.012074758238173989,-2.4619586279804286e-06,-0.006957070082509616,0.47350023390069307,0.5109487851385262,0.47349712390143833,0.49191695681784253
ising,-1.9681802790016327,8.802117647058835e-05,20.0,0.9024000000000001,0.8996400000000001,4.0606642523956367e-35,-6.219055028315628e-20,-4.0606642523956367e-35,-5.28725821232346e-20,0.7985,0.791,0.7985,0.791
heisenberg,-1.8623196266790687,0.002966702351229644,60.0,0.6487829153788791,0.7169876017330581,-0.0004748273400473048,-0.012074758238173989,-0.0036196405083886505,-0.006957070082509616,0.45030238261984407,0.5109487851385262,0.4462079147714081,0.49191695681784253
ising,-1.8623196266790687,0.00010933882352941063,20.0,0.9020000000000001,0.8996400000000001,4.7581898623679644e-35,-6.219055028315628e-20,-4.7581898623679644e-35,-5.28725821232346e-20,0.7895000000000001,0.791,0.7895000000000001,0.791
heisenberg,-1.7621489173704834,0.0018535666634593533,60.0,0.6603268139640722,0.7169876017330581,-0.002186346846092097,-0.012074758238173989,-0.013221017000005615,-0.006957070082509616,0.45948966689156845,0.5109487851385262,0.44408230304547075,0.49191695681784253
ising,-1.7621489173704834,0.00022119764705882359,20.0,0.8992000000000001,0.8996400000000001,-7.342852750939774e-36,-6.219055028315628e-20,-6.84140874407398e-35,-5.28725821232346e-20,0.7995,0.791,0.7995,0.791
heisenberg,-1.6673620996229055,0.002959114582821632,60.0,0.6477823170077686,0.7169876017330581,-0.003078407916826313,-0.012074758238173989,-0.019558445171289518,-0.006957070082509616,0.44109002849777795,0.5109487851385262,0.4184531754096621,0.49191695681784253
ising,-1.6673620996229055,7.446823529411784e-05,20.0,0.8947999999999998,0.8996400000000001,1.9892770811470725e-35,-6.219055028315628e-20,-1.9892770811470725e-35,-5.28725821232346e-20,0.7809999999999999,0.791,0.7809999999999999,0.791
heisenberg,-1.577669571381064,0.0014212516958470468,60.0,0.6630659255845054,0.7169876017330581,-0.003884902627375072,-0.012074758238173989,-0.01677683418960773,-0.006957070082509616,0.4675613945654119,0.5109487851385262,0.4468996577484291,0.49191695681784253
ising,-1.577669571381064,0.00024962117647058603,20.0,0.9063999999999999,0.8996400000000001,8.462579154093166e-35,-6.219055028315628e-20,-8.462579154093166e-35,-5.28725821232346e-20,0.8064999999999998,0.791,0.8064999999999998,0.791
heisenberg,-1.492797295166556,0.0010126872703701687,60.0,0.6737609094896497,0.7169876017330581,-0.008380432785213436,-0.012074758238173989,-0.014995767356028877,-0.006957070082509616,0.47314597746511866,0.5109487851385262,0.44976977732387635,0.49191695681784253
ising,-1.492797295166556,4.4962352941176e-05,20.0,0.9011999999999999,0.8996400000000001,-4.928829586034689e-36,-6.219055028315628e-20,4.928829586034689e-36,-5.28725821232346e-20,0.7959999999999998,0.791,0.7959999999999998,0.791
heisenberg,-1.4124859608114548,0.0006869452056745694,60.0,0.6896657811074218,0.7169876017330581,-0.0007043507699215735,-0.012074758238173989,-0.012931592767780588,-0.006957070082509616,0.4913415595939864,0.5109487851385262,0.47770561605628425,0.49191695681784253
ising,-1.4124859608114548,5.220941176470658e-05,20.0,0.9020000000000001,0.8996400000000001,-5.66637743765755e-20,-6.219055028315628e-20,-5.666377437657546e-20,-5.28725821232346e-20,0.7935000000000001,0.791,0.7935000000000001,0.791
heisenberg,-1.336490193188253,0.0008166855582289206,60.0,0.6890453861925521,0.7169876017330581,0.0026411426019871953,-0.012074758238173989,-0.00929646950507548,-0.006957070082509616,0.47961654178881663,0.5109487851385262,0.47296121488572834,0.49191695681784253
ising,-1.336490193188253,0.00019277411764705873,20.0,0.8964000000000001,0.8996400000000001,7.466504409001336e-21,-6.219055028315628e-20,7.466504409001151e-21,-5.28725821232346e-20,0.7865,0.791,0.7865,0.791
heisenberg,-1.2645778025155159,0.000216929861881142,60.0,0.6975034025136136,0.7169876017330581,-0.0014425525137104793,-0.012074758238173989,-0.0073588561957060785,-0.006957070082509616,0.5034306654817682,0.5109487851385262,0.49462925677235164,0.49191695681784253
ising,-1.2645778025155159,8.19976470588239e-05,20.0,0.9024000000000001,0.8996400000000001,-3.1080525713522035e-23,-6.219055028315628e-20,-3.108052571366447e-23,-5.28725821232346e-20,0.7969999999999999,0.791,0.7969999999999999,0.791
heisenberg,-1.1965290749487103,0.00030211810641204854,60.0,0.6957567844509089,0.7169876017330581,-0.0032533765597299626,-0.012074758238173989,-0.006231639138804041,-0.006957070082509616,0.4959638207444733,0.5109487851385262,0.4864788050459393,0.49191695681784253
ising,-1.1965290749487103,0.00013423294117647074,20.0,0.9043999999999999,0.8996400000000001,4.4726769191750944e-35,-6.219055028315628e-20,-4.4726769191750944e-35,-5.28725821232346e-20,0.8029999999999999,0.791,0.8029999999999999,0.791
heisenberg,-1.132136101288749,0.0007642409364289154,60.0,0.6870401384491716,0.7169876017330581,-0.007152265149210934,-0.012074758238173989,-0.006435119396085924,-0.006957070082509616,0.4695277882240145,0.5109487851385262,0.45594040367871763,0.49191695681784253
ising,-1.132136101288749,2.938588235294103e-05,20.0,0.898,0.8996400000000001,1.4671370189475224e-19,-6.219055028315628e-20,1.467137018947522e-19,-5.28725821232346e-20,0.7845,0.791,0.7845,0.791
heisenberg,-1.0712021417572508,0.00011272010890490225,60.0,0.7121908626487505,0.7169876017330581,-0.008874224250530232,-0.012074758238173989,-0.01071969931607294,-0.006957070082509616,0.5131267002196223,0.5109487851385262,0.4935327766530191,0.49191695681784253
ising,-1.0712021417572508,0.00042232705882352907,20.0,0.9064,0.8996400000000001,2.100960339290026e-20,-6.219055028315628e-20,2.1009603392900277e-20,-5.28725821232346e-20,0.802,0.791,0.802,0.791
heisenberg,-1.013541024897726,0.0004006957772732896,60.0,0.6951695120916328,0.7169876017330581,-0.009489046978515634,-0.012074758238173989,-0.003306642981125741,-0.006957070082509616,0.4887325915735427,0.5109487851385262,0.47593690161390134,0.49191695681784253
ising,-1.013541024897726,0.00011253882352941189,20.0,0.8976,0.8996400000000001,-7.081806766049088e-20,-6.219055028315628e-20,-7.092400334044211e-20,-5.28725821232346e-20,0.789,0.791,0.789,0.791
heisenberg,-0.9589765787661355,0.00019002489070500417,60.0,0.703341517577989,0.7169876017330581,-0.012576142748841753,-0.012074758238173989,-0.007486532150973858,-0.006957070082509616,0.49619314412384924,0.5109487851385262,0.4761304692240336,0.49191695681784253
ising,-0.9589765787661355,7.173882352941095e-05,20.0,0.8948,0.8996400000000001,-1.54300681554506e-35,-6.219055028315628e-20,1.54300681554506e-35,-5.28725821232346e-20,0.7825000000000002,0.791,0.7825000000000002,0.791
heisenberg,-0.9073420926729556,0.00024067180851146172,60.0,0.7006369821029346,0.7169876017330581,-0.014459361880521543,-0.012074758238173989,-0.007298116402638108,-0.006957070082509616,0.48759318186484557,0.5109487851385262,0.4658357035816859,0.49191695681784253
ising,-0.9073420926729556,0.00010355058823529456,20.0,0.8952,0.8996400000000001,-1.5653115202026454e-19,-6.219055028315628e-20,-1.5653115202026476e-19,-5.28725821232346e-20,0.7825,0.791,0.7825,0.791
heisenberg,-0.8584798078321985,6.441045410525538e-05,60.0,0.7143067694279627,0.7169876017330581,-0.013116376661408469,-0.012074758238173989,-0.007202999241109947,-0.006957070082509616,0.5020669701491652,0.5109487851385262,0.4817475942466468,0.49191695681784253
ising,-0.8584798078321985,3.084470588235287e-05,20.0,0.8952,0.8996400000000001,3.0227539169140407e-22,-6.219055028315628e-20,3.022753916914458e-22,-5.28725821232346e-20,0.784,0.791,0.784,0.791
heisenberg,-0.8122404353611755,0.00032759304151286204,60.0,0.7108099621932311,0.7169876017330581,-0.01636582653445772,-0.012074758238173989,-0.009572727524854283,-0.006957070082509616,0.4940126290874044,0.5109487851385262,0.4680740750280924,0.49191695681784253
ising,-0.8122404353611755,0.0002126329411764698,20.0,0.9056,0.8996400000000001,2.6851490035438974e-35,-6.219055028315628e-20,-2.6851490035438974e-35,-5.28725821232346e-20,0.8069999999999999,0.791,0.8069999999999999,0.791
heisenberg,-0.7684827001583442,0.0001131751823890204,60.0,0.7262223386225932,0.7169876017330581,-0.01662048295171654,-0.012074758238173989,-0.01015316987458138,-0.006957070082509616,0.5232110628098507,0.5109487851385262,0.49643740998355285,0.49191695681784253
ising,-0.7684827001583442,0.00016957411764706174,20.0,0.9048000000000002,0.8996400000000001,9.53846466199287e-20,-6.219055028315628e-20,9.538464661992848e-20,-5.28725821232346e-20,0.8035000000000001,0.791,0.8035000000000001,0.791
heisenberg,-0.7270729092656553,9.076907341676134e-05,60.0,0.7196845613684155,0.7169876017330581,-0.012054330225090094,-0.012074758238173989,-0.0069223654651218314,-0.006957070082509616,0.5149202601119808,0.5109487851385262,0.49594356442176885,0.49191695681784253
ising,-0.7270729092656553,0.00011084470588235299,20.0,0.9,0.8996400000000001,1.2014607706798824e-19,-6.219055028315628e-20,-2.2007008478812474e-19,-5.28725821232346e-20,0.798,0.791,0.798,0.791
heisenberg,-0.68788454339661,0.00024436743318618923,60.0,0.7281422248322516,0.7169876017330581,-0.006649975139103183,-0.012074758238173989,-0.00447733684025752,-0.006957070082509616,0.5154554453096578,0.5109487851385262,0.5043281333302971,0.49191695681784253
ising,-0.68788454339661,7.442117647058847e-05,20.0,0.8940000000000001,0.8996400000000001,2.0196526904227672e-20,-6.219055028315628e-20,2.0196526904227756e-20,-5.28725821232346e-20,0.782,0.791,0.782,0.791
heisenberg,-0.6507978703820303,0.0002071784691020527,60.0,0.7309290393787109,0.7169876017330581,-0.008140693544886436,-0.012074758238173989,-0.006175339782906824,-0.006957070082509616,0.5269978971276348,0.5109487851385262,0.5126818637998415,0.49191695681784253
ising,-0.6507978703820303,7.004470588235277e-05,20.0,0.9032,0.8996400000000001,-7.413480518647776e-36,-6.219055028315628e-20,7.413480518647776e-36,-5.28725821232346e-20,0.7995000000000001,0.791,0.7995000000000001,0.791
heisenberg,-0.6156995793524987,0.00043338006888441166,60.0,0.7184458098364486,0.7169876017330581,-0.009306135642611743,-0.012074758238173989,-0.00490042886469481,-0.006957070082509616,0.5024053139491456,0.5109487851385262,0.488198749441839,0.49191695681784253
ising,-0.6156995793524987,0.0003515505882352959,20.0,0.9008,0.8996400000000001,-3.062080010184161e-35,-6.219055028315628e-20,3.062080010184161e-35,-5.28725821232346e-20,0.794,0.791,0.794,0.791
heisenberg,-0.5824824345397914,0.0009144335435482785,60.0,0.7277028524896761,0.7169876017330581,-0.007393197753832678,-0.012074758238173989,-0.00444563134023181,-0.006957070082509616,0.504850696899382,0.5109487851385262,0.4930118678053175,0.49191695681784253
ising,-0.5824824345397914,0.0002078800000000001,20.0,0.8960000000000001,0.8996400000000001,6.099549629498072e-36,-6.219055028315628e-20,-6.099549629498072e-36,-5.28725821232346e-20,0.787,0.791,0.787,0.791
heisenberg,-0.5510449476395575,0.0007284643854172432,60.0,0.735330982889131,0.7169876017330581,-0.005029061260239253,-0.012074758238173989,-0.001961631725133474,-0.006957070082509616,0.5136305646910527,0.5109487851385262,0.50663987170568,0.49191695681784253
ising,-0.5510449476395575,0.00015536235294117608,20.0,0.9012,0.8996400000000001,2.22546369042498e-19,-6.219055028315628e-20,2.2254636904249804e-19,-5.28725821232346e-20,0.7955000000000001,0.791,0.7955000000000001,0.791
heisenberg,-0.5212910677342194,0.0008657260021855797,60.0,0.7363236533534041,0.7169876017330581,-0.0032078746994153237,-0.012074758238173989,-0.001911897178743972,-0.006957070082509616,0.5140006829277604,0.5109487851385262,0.5088809110496011,0.49191695681784253
ising,-0.5212910677342194,0.00011639764705882391,20.0,0.8908000000000001,0.8996400000000001,-3.032371062981794e-35,-6.219055028315628e-20,3.032371062981794e-35,-5.28725821232346e-20,0.7755,0.791,0.7755,0.791
heisenberg,-0.49312988782871514,0.001183064134015148,60.0,0.7439074481747607,0.7169876017330581,-0.002246823179331147,-0.012074758238173989,-0.0002534278619191481,-0.006957070082509616,0.5199497011594701,0.5109487851385262,0.5174494501182199,0.49191695681784253
ising,-0.49312988782871514,0.0003549858823529413,20.0,0.8868,0.8996400000000001,-3.408908257007212e-35,-6.219055028315628e-20,4.843613406465975e-35,-5.28725821232346e-20,0.7665,0.791,0.7665,0.791
heisenberg,-0.4664753671024611,0.0016207791723429807,60.0,0.7258673573409288,0.7169876017330581,-0.0015925731940666667,-0.012074758238173989,-0.000822301814733364,-0.006957070082509616,0.48667457931455893,0.5109487851385262,0.4842597043057589,0.49191695681784253
ising,-0.4664753671024611,7.635058823529435e-05,20.0,0.8968,0.8996400000000001,9.943661440616453e-36,-6.219055028315628e-20,-9.943661440616453e-36,-5.28725821232346e-20,0.7825,0.791,0.7825,0.791
heisenberg,-0.4412460680289316,0.0012630322876506545,60.0,0.7344538745907458,0.7169876017330581,-0.00046237357422745814,-0.012074758238173989,-0.00014800338988742054,-0.006957070082509616,0.5071350655026696,0.5109487851385262,0.5065246885385547,0.49191695681784253
ising,-0.4412460680289316,0.000543221176470584,20.0,0.9108,0.8996400000000001,7.393896193716622e-35,-6.219055028315628e-20,-1.2380956910902306e-34,-5.28725821232346e-20,0.8195000000000001,0.791,0.8195000000000001,0.791
heisenberg,-0.41736490755967726,0.0013510186980799205,60.0,0.7303546646173398,0.7169876017330581,-6.140510265493029e-05,-0.012074758238173989,-7.119199553053688e-06,-0.006957070082509616,0.5040190388423367,0.5109487851385262,0.5039505145401287,0.49191695681784253
ising,-0.41736490755967726,0.00014773882352941143,20.0,0.9024000000000001,0.8996400000000001,-5.892674805836047e-20,-6.219055028315628e-20,-5.892674805836055e-20,-5.28725821232346e-20,0.796,0.791,0.796,0.791
heisenberg,-0.3947589216125771,0.0025076758453286725,60.0,0.7279954957658002,0.7169876017330581,-1.059988085623048e-05,-0.012074758238173989,-4.564255973008883e-06,-0.006957070082509616,0.4875150348111579,0.5109487851385262,0.48749987067432865,0.49191695681784253
ising,-0.3947589216125771,0.00020096235294117849,20.0,0.8963999999999999,0.8996400000000001,-4.904922229807318e-35,-6.219055028315628e-20,4.904922229807318e-35,-5.28725821232346e-20,0.7834999999999999,0.791,0.7834999999999999,0.791
heisenberg,-0.37335904214476,0.00203896182709987,60.0,0.7179613949979343,0.7169876017330581,-0.00021369229420131102,-0.012074758238173989,-0.00011489973436585419,-0.006957070082509616,0.4649387808315899,0.5109487851385262,0.46461018880302274,0.49191695681784253
ising,-0.37335904214476,0.0002737152941176456,20.0,0.9099999999999999,0.8996400000000001,-1.2761261452792697e-20,-6.219055028315628e-20,-1.2761261452792339e-20,-5.28725821232346e-20,0.8154999999999999,0.791,0.8154999999999999,0.791
heisenberg,-0.35309988612909526,0.0017032323911723994,60.0,0.7146398212693524,0.7169876017330581,-0.0005767682367051211,-0.012074758238173989,-0.000197110434561731,-0.006957070082509616,0.4865611906312516,0.5109487851385262,0.48578731195998476,0.49191695681784253
ising,-0.35309988612909526,0.0003207741176470591,20.0,0.9036000000000002,0.8996400000000001,4.962592574391081e-20,-6.219055028315628e-20,4.9625925743910814e-20,-5.28725821232346e-20,0.7995000000000001,0.791,0.7995000000000001,0.791
heisenberg,-0.3339195557895036,0.0014155676082906424,60.0,0.7299161249700268,0.7169876017330581,-0.001301555986975942,-0.012074758238173989,-3.0829688222913892e-06,-0.006957070082509616,0.49888429954495594,0.5109487851385262,0.4975796605891577,0.49191695681784253
ising,-0.3339195557895036,9.649176470588166e-05,20.0,0.8908000000000001,0.8996400000000001,2.391586612302171e-34,-6.219055028315628e-20,8.452862070988995e-36,-5.28725821232346e-20,0.7805000000000002,0.791,0.7805000000000002,0.791
heisenberg,-0.3157594494847533,0.0019678902555896947,60.0,0.7376429220263189,0.7169876017330581,-0.0017014612306293394,-0.012074758238173989,0.0004028881356389303,-0.006957070082509616,0.5229518908730797,0.5109487851385262,0.5216533177780893,0.49191695681784253
ising,-0.3157594494847533,0.00044515058823529414,20.0,0.8912000000000001,0.8996400000000001,6.63882599162799e-35,-6.219055028315628e-20,-6.63882599162799e-35,-5.28725821232346e-20,0.7735,0.791,0.7735,0.791
heisenberg,-0.2985640826629329,0.0008669420639741804,60.0,0.7285053714249641,0.7169876017330581,-0.0031022939205888373,-0.012074758238173989,-0.000713104402961715,-0.006957070082509616,0.507550958336845,0.5109487851385262,0.5037355600132944,0.49191695681784253
ising,-0.2985640826629329,4.5385882352942243e-05,20.0,0.8976,0.8996400000000001,1.8109574321911238e-20,-6.219055028315628e-20,1.8109574321911395e-20,-5.28725821232346e-20,0.7855,0.791,0.7855,0.791
heisenberg,-0.2822809183395641,0.0007669119147240076,60.0,0.7383509933626509,0.7169876017330581,-0.0034867816765219396,-0.012074758238173989,-0.0009585564296397006,-0.006957070082509616,0.5190421941554362,0.5109487851385262,0.5145968560492745,0.49191695681784253
ising,-0.2822809183395641,0.0003893388235294117,20.0,0.9132000000000001,0.8996400000000001,1.1947268911848344e-19,-6.219055028315628e-20,1.1947268911848344e-19,-5.28725821232346e-20,0.8225,0.791,0.8225,0.791
heisenberg,-0.26686020658141324,0.0005241721572125706,60.0,0.7098468754006954,0.7169876017330581,-0.002954650554187039,-0.012074758238173989,0.00011045496561106036,-0.006957070082509616,0.4895965331631328,0.5109487851385262,0.4867523375745568,0.49191695681784253
ising,-0.26686020658141324,0.0003167741176470603,20.0,0.9104000000000001,0.8996400000000001,4.285355803269536e-19,-6.219055028315628e-20,4.285355803269535e-19,-5.28725821232346e-20,0.8225000000000001,0.791,0.8225000000000001,0.791
heisenberg,-0.25225483250557745,0.001196198904127741,60.0,0.7470148995204294,0.7169876017330581,-0.0024925978807274775,-0.012074758238173989,-0.00016893630928559964,-0.006957070082509616,0.5392896533354946,0.5109487851385262,0.5366281191454816,0.49191695681784253
ising,-0.25225483250557745,0.0001665152941176467,20.0,0.8908000000000001,0.8996400000000001,-1.0974493988551966e-34,-6.219055028315628e-20,7.69117829623559e-35,-5.28725821232346e-20,0.776,0.791,0.776,0.791
heisenberg,-0.2384201723294368,0.0007461684211504836,60.0,0.7398347891867851,0.7169876017330581,-0.005046826467008015,-0.012074758238173989,-0.0017404184122252516,-0.006957070082509616,0.5373536789535296,0.5109487851385262,0.5305664340742964,0.49191695681784253
ising,-0.2384201723294368,0.0005827976470588241,20.0,0.9176,0.8996400000000001,1.6355758175650784e-35,-6.219055028315628e-20,-1.6355758175650784e-35,-5.28725821232346e-20,0.8305,0.791,0.8305,0.791
heisenberg,-0.22531395703166326,0.0005019308796252368,60.0,0.7203725193230375,0.7169876017330581,-0.006007391855711192,-0.012074758238173989,-0.0038305819149127285,-0.006957070082509616,0.4972996340724164,0.5109487851385262,0.4874616603017925,0.49191695681784253
ising,-0.22531395703166326,0.00016227999999999978,20.0,0.8932,0.8996400000000001,1.0563307512881545e-34,-6.219055028315628e-20,-1.0563307512881545e-34,-5.28725821232346e-20,0.7795000000000001,0.791,0.7795000000000001,0.791
heisenberg,-0.21289614320772793,0.0011187085343661168,60.0,0.7501000593914293,0.7169876017330581,-0.003938240863619022,-0.012074758238173989,-0.002179862867884576,-0.006957070082509616,0.547153368414749,0.5109487851385262,0.5410352646832455,0.49191695681784253
ising,-0.21289614320772793,0.00017456235294117622,20.0,0.8956000000000002,0.8996400000000001,7.1112319476284e-21,-6.219055028315628e-20,7.111231947628474e-21,-5.28725821232346e-20,0.7805,0.791,0.7805,0.791
heisenberg,-0.2011287907253334,0.000727771890782041,60.0,0.7167269207202253,0.7169876017330581,-0.009273092558955882,-0.012074758238173989,-0.003198776094843493,-0.006957070082509616,0.4786180357086426,0.5109487851385262,0.4661461670548432,0.49191695681784253
ising,-0.2011287907253334,0.00014336235294117725,20.0,0.9084000000000001,0.8996400000000001,-7.049174896361423e-20,-6.219055028315628e-20,-7.049174896361425e-20,-5.28725821232346e-20,0.8095000000000001,0.791,0.8095000000000001,0.791
heisenberg,-0.18997594680597096,0.00028978059799687484,60.0,0.7330718130980192,0.7169876017330581,-0.004511623838208734,-0.012074758238173989,-0.0007704198091308341,-0.006957070082509616,0.5293764218561107,0.5109487851385262,0.5240943782087711,0.49191695681784253
ising,-0.18997594680597096,0.00018072705882352932,20.0,0.8992000000000001,0.8996400000000001,9.689811626147569e-35,-6.219055028315628e-20,2.7550470617621057e-34,-5.28725821232346e-20,0.7975000000000001,0.791,0.7975000000000001,0.791
heisenberg,-0.17940353617843807,0.0002603940551891212,60.0,0.7220640876854061,0.7169876017330581,-0.006701622076710937,-0.012074758238173989,-0.004340018616344956,-0.006957070082509616,0.5098357252934966,0.5109487851385262,0.4987940846004407,0.49191695681784253
ising,-0.17940353617843807,0.00024213882352941153,20.0,0.9096,0.8996400000000001,-5.748481748681145e-20,-6.219055028315628e-20,-5.748481748681135e-20,-5.28725821232346e-20,0.8135,0.791,0.8135,0.791
heisenberg,-0.1693792569687013,0.00011930219803150228,60.0,0.7166892038775855,0.7169876017330581,-0.009290207613189397,-0.012074758238173989,-0.00631914262999001,-0.006957070082509616,0.49853509102876015,0.5109487851385262,0.48292574078558076,0.49191695681784253
ising,-0.1693792569687013,6.740941176470583e-05,20.0,0.8983999999999999,0.8996400000000001,-6.093527422332407e-20,-6.219055028315628e-20,-6.093527422332395e-20,-5.28725821232346e-20,0.7909999999999998,0.791,0.7909999999999998,0.791
heisenberg,-0.15987248200801774,0.0003160384046607847,60.0,0.7267246257632306,0.7169876017330581,-0.01006070887624192,-0.012074758238173989,-0.002712374266262183,-0.006957070082509616,0.5177976549595509,0.5109487851385262,0.5050245718170467,0.49191695681784253
ising,-0.15987248200801774,5.009176470588227e-05,20.0,0.8976000000000001,0.8996400000000001,6.842299591477408e-37,-6.219055028315628e-20,-6.842299591477408e-37,-5.28725821232346e-20,0.7865,0.791,0.7865,0.791
heisenberg,-0.15085416525778153,0.0005107147031522751,60.0,0.7350212399912015,0.7169876017330581,-0.0113164471931981,-0.012074758238173989,-0.006933283835395226,-0.006957070082509616,0.515764831690644,0.5109487851385262,0.4975151006620507,0.49191695681784253
ising,-0.15085416525778153,6.755058823529385e-05,20.0,0.9012,0.8996400000000001,3.4452333385560225e-35,-6.219055028315628e-20,-3.4452333385560225e-35,-5.28725821232346e-20,0.793,0.791,0.793,0.791
heisenberg,-0.14229675306519543,0.0002177693303678694,60.0,0.7116663801410117,0.7169876017330581,-0.011031237045024175,-0.012074758238173989,-0.0056935652749565266,-0.006957070082509616,0.4854112649890626,0.5109487851385262,0.4686864626690819,0.49191695681784253
ising,-0.14229675306519543,5.5032941176470124e-05,20.0,0.8952,0.8996400000000001,-8.936935112900114e-20,-6.219055028315628e-20,-8.936935112900119e-20,-5.28725821232346e-20,0.78,0.791,0.78,0.791
heisenberg,-0.13417409997862736,0.0005166034772178413,60.0,0.7227068001908904,0.7169876017330581,-0.009160862794921013,-0.012074758238173989,-0.00850278577901468,-0.006957070082509616,0.5049909431434274,0.5109487851385262,0.4873272945694917,0.49191695681784253
ising,-0.13417409997862736,4.388000000000015e-05,20.0,0.8939999999999999,0.8996400000000001,-3.047351838256782e-19,-6.219055028315628e-20,-3.0473518382567813e-19,-5.28725821232346e-20,0.7845,0.791,0.7845,0.791
heisenberg,-0.1264613888654419,0.000861313531507592,60.0,0.7391884334494798,0.7169876017330581,-0.0071545337055004665,-0.012074758238173989,-0.002153645775027632,-0.006957070082509616,0.5270014308248342,0.5109487851385262,0.5176932513443061,0.49191695681784253
ising,-0.1264613888654419,0.00018124470588235488,20.0,0.9080000000000001,0.8996400000000001,5.038567800877709e-35,-6.219055028315628e-20,-5.038567800877709e-35,-5.28725821232346e-20,0.8125000000000002,0.791,0.8125000000000002,0.791
heisenberg,-0.11913505508824354,0.00022429278892662597,60.0,0.7247717794515883,0.7169876017330581,-0.013412391029977091,-0.012074758238173989,-0.010747854603646032,-0.006957070082509616,0.5250610011601852,0.5109487851385262,0.5009007555265621,0.49191695681784253
ising,-0.11913505508824354,0.0004335741176470576,20.0,0.884,0.8996400000000001,-1.3456569650170453e-19,-6.219055028315628e-20,-1.3456569650170463e-19,-5.28725821232346e-20,0.76,0.791,0.76,0.791
heisenberg,-0.11217271450786699,0.00022212281284891456,60.0,0.7120629335884121,0.7169876017330581,-0.008736489883065019,-0.012074758238173989,-0.004333116013340641,-0.006957070082509616,0.5001911251239428,0.5109487851385262,0.48712151922753716,0.49191695681784253
ising,-0.11217271450786699,0.00014072705882352862,20.0,0.8984,0.8996400000000001,2.3729260429783803e-35,-6.219055028315628e-20,-2.3729260429783803e-35,-5.28725821232346e-20,0.7910000000000001,0.791,0.7910000000000001,0.791
heisenberg,-0.10555309509314288,0.00019555521576020742,60.0,0.7332354832937203,0.7169876017330581,-0.012766341426536992,-0.012074758238173989,-0.005954768047712943,-0.006957070082509616,0.5232321342256664,0.5109487851385262,0.5045110247514164,0.49191695681784253
ising,-0.10555309509314288,0.0002378564705882351,20.0,0.9019999999999999,0.8996400000000001,-3.0807227513589673e-28,-6.219055028315628e-20,-3.0807215719384598e-28,-5.28725821232346e-20,0.7945,0.791,0.7945,0.791
heisenberg,-0.09925597192848501,0.0004173088645895254,60.0,0.704614606945342,0.7169876017330581,-0.010433704205806098,-0.012074758238173989,-0.0053983354772170426,-0.006957070082509616,0.47893420846452867,0.5109487851385262,0.4631021687815055,0.49191695681784253
ising,-0.09925597192848501,0.00015291529411764712,20.0,0.8939999999999999,0.8996400000000001,-1.0670576463940248e-35,-6.219055028315628e-20,-8.782790791409191e-35,-5.28725821232346e-20,0.78,0.791,0.78,0.791
heisenberg,-0.09326210542072925,0.00023753813281082603,60.0,0.7318973970115659,0.7169876017330581,-0.010104931496035852,-0.012074758238173989,-0.008475940269824612,-0.006957070082509616,0.5171063789939679,0.5109487851385262,0.49852550722810746,0.49191695681784253
ising,-0.09326210542072925,5.9268235294117634e-05,20.0,0.9036000000000002,0.8996400000000001,-9.402724231473912e-35,-6.219055028315628e-20,-5.504931798404044e-35,-5.28725821232346e-20,0.8015,0.791,0.8015,0.791
heisenberg,-0.08755318251642662,0.00029353170774363955,60.0,0.7343325955082473,0.7169876017330581,-0.011630900636108023,-0.012074758238173989,-0.008235612626914676,-0.006957070082509616,0.5338689364370409,0.5109487851385262,0.5140024231740182,0.49191695681784253
ising,-0.08755318251642662,0.0002166329411764727,20.0,0.9076000000000001,0.8996400000000001,3.292435752500086e-19,-6.219055028315628e-20,3.292435752500091e-19,-5.28725821232346e-20,0.8090000000000002,0.791,0.8090000000000002,0.791
heisenberg,-0.08211176074999206,0.0001639819700928718,60.0,0.726985726912877,0.7169876017330581,-0.010267646280211241,-0.012074758238173989,-0.005669834991139601,-0.006957070082509616,0.5191390023815784,0.5109487851385262,0.5032015211102275,0.49191695681784253
ising,-0.08211176074999206,0.00013296235294117697,20.0,0.8936,0.8996400000000001,9.355435969298026e-20,-6.219055028315628e-20,9.355435969297964e-20,-5.28725821232346e-20,0.78,0.791,0.78,0.791
heisenberg,-0.07692121495175952,4.2826294218809024e-05,60.0,0.7171123435638317,0.7169876017330581,-0.01026338166796215,-0.012074758238173989,-0.006506660940342964,-0.006957070082509616,0.508127292542962,0.5109487851385262,0.49135724993465685,0.49191695681784253
ising,-0.07692121495175952,0.0005437858823529393,20.0,0.9064,0.8996400000000001,9.638849997626817e-35,-6.219055028315628e-20,-9.638849997626817e-35,-5.28725821232346e-20,0.8074999999999998,0.791,0.8074999999999998,0.791
heisenberg,-0.07196568645312007,3.960500959160903e-05,60.0,0.7196047790405355,0.7169876017330581,-0.012757139527880393,-0.012074758238173989,-0.008764955882208998,-0.006957070082509616,0.5092640521130047,0.5109487851385262,0.48774195670291537,0.49191695681784253
ising,-0.07196568645312007,8.148000000000045e-05,20.0,0.9012,0.8996400000000001,1.5551366528763832e-19,-6.219055028315628e-20,1.5551366528763847e-19,-5.28725821232346e-20,0.7990000000000003,0.791,0.7990000000000003,0.791
heisenberg,-0.06723003463355003,0.00016775100995222101,60.0,0.7147018776712172,0.7169876017330581,-0.009262984204688808,-0.012074758238173989,-0.004996428419078866,-0.006957070082509616,0.5048819980711242,0.5109487851385262,0.49062258544735654,0.49191695681784253
ising,-0.06723003463355003,0.00020020941176470986,20.0,0.9088,0.8996400000000001,-2.8439195389837476e-35,-6.219055028315628e-20,2.8439195389837476e-35,-5.28725821232346e-20,0.8145000000000002,0.791,0.8145000000000002,0.791
heisenberg,-0.06269979066149038,0.0004250864473469575,60.0,0.7052655570077937,0.7169876017330581,-0.009435121864600365,-0.012074758238173989,-0.006539697289095966,-0.006957070082509616,0.4814114341333255,0.5109487851385262,0.4654366149796292,0.49191695681784253
ising,-0.06269979066149038,0.00014736235294117626,20.0,0.8976000000000001,0.8996400000000001,-7.108964259248197e-35,-6.219055028315628e-20,4.7251263963574296e-35,-5.28725821232346e-20,0.7895,0.791,0.7895,0.791
heisenberg,-0.058361113287742565,0.00043243250566074245,60.0,0.7398828706279572,0.7169876017330581,-0.012718554490334833,-0.012074758238173989,-0.004125152010539963,-0.006957070082509616,0.5393345676287141,0.5109487851385262,0.5224908611278394,0.49191695681784253
ising,-0.058361113287742565,5.6350588235294e-05,20.0,0.8959999999999999,0.8996400000000001,1.7180518610675145e-21,-6.219055028315628e-20,1.7180518610674204e-21,-5.28725821232346e-20,0.786,0.791,0.786,0.791
heisenberg,-0.05420074655631531,0.0002347507423349291,60.0,0.7266997381111159,0.7169876017330581,-0.009741568535903074,-0.012074758238173989,-0.004756719243342673,-0.006957070082509616,0.525543145692587,0.5109487851385262,0.5110448579133412,0.49191695681784253
ising,-0.05420074655631531,0.00013997411764705867,20.0,0.9040000000000001,0.8996400000000001,-2.515639034668979e-35,-6.219055028315628e-20,2.515639034668979e-35,-5.28725821232346e-20,0.7964999999999999,0.791,0.7964999999999999,0.791
heisenberg,-0.05020597930351803,9.10201608550298e-05,60.0,0.7136681632570783,0.7169876017330581,-0.012162355376620606,-0.012074758238173989,-0.006189025358207607,-0.006957070082509616,0.5037566671484848,0.5109487851385262,0.48540528641365654,0.49191695681784253
ising,-0.05020597930351803,0.0001569623529411757,20.0,0.9,0.8996400000000001,-4.596180848279203e-35,-6.219055028315628e-20,4.596180848279203e-35,-5.28725821232346e-20,0.7909999999999999,0.791,0.7909999999999999,0.791
heisenberg,-0.04636460632155667,4.433314792036468e-05,60.0,0.7194672261217412,0.7169876017330581,-0.009969385651283483,-0.012074758238173989,-0.007744975711934485,-0.006957070082509616,0.5082674972587343,0.5109487851385262,0.49055313589551636,0.49191695681784253
ising,-0.04636460632155667,0.0001447270588235298,20.0,0.8968,0.8996400000000001,3.182904207653159e-35,-6.219055028315628e-20,-3.182904207653159e-35,-5.28725821232346e-20,0.786,0.791,0.786,0.791
heisenberg,-0.04266489106797654,0.00013995123708391538,60.0,0.716079687578316,0.7169876017330581,-0.014048691266117543,-0.012074758238173989,-0.010840601339569027,-0.006957070082509616,0.5127232255880023,0.5109487851385262,0.48783393298231575,0.49191695681784253
ising,-0.04266489106797654,0.0001913152941176471,20.0,0.8896,0.8996400000000001,-1.0659666840136881e-19,-6.219055028315628e-20,-1.2553447929176186e-19,-5.28725821232346e-20,0.772,0.791,0.772,0.791
heisenberg,-0.03909552980701752,0.00013471070866050491,60.0,0.7176363276088247,0.7169876017330581,-0.012831016780656096,-0.012074758238173989,-0.011071798729570714,-0.006957070082509616,0.510237479694676,0.5109487851385262,0.4863346641844492,0.49191695681784253
ising,-0.03909552980701752,0.0003646800000000006,20.0,0.9128000000000001,0.8996400000000001,-8.532094381907173e-35,-6.219055028315628e-20,2.606047097511742e-36,-5.28725821232346e-20,0.8230000000000001,0.791,0.8230000000000001,0.791
heisenberg,-0.0356456170733233,0.0003641278365068535,60.0,0.7345639930309164,0.7169876017330581,-0.010347055853699126,-0.012074758238173989,-0.005349878563680207,-0.006957070082509616,0.5320006499396668,0.5109487851385262,0.5163037155222875,0.49191695681784253
ising,-0.0356456170733233,8.896235294117674e-05,20.0,0.8952,0.8996400000000001,-9.057236614451005e-20,-6.219055028315628e-20,-9.057236614451019e-20,-5.28725821232346e-20,0.783,0.791,0.783,0.791
heisenberg,-0.03230461235248556,5.733064445165393e-05,60.0,0.7216845110023119,0.7169876017330581,-0.013576815610342532,-0.012074758238173989,-0.008545196431843824,-0.006957070082509616,0.5106991697616391,0.5109487851385262,0.48857715771945276,0.49191695681784253
ising,-0.03230461235248556,0.00027272705882352944,20.0,0.8884000000000001,0.8996400000000001,1.1125944559595299e-19,-6.219055028315628e-20,1.1125944559595299e-19,-5.28725821232346e-20,0.776,0.791,0.776,0.791
heisenberg,-0.029062307876622468,0.0003058879626299196,60.0,0.7345201140686124,0.7169876017330581,-0.011179439898513855,-0.012074758238173989,-0.008173089107687407,-0.006957070082509616,0.5268027484665753,0.5109487851385262,0.507450219460374,0.49191695681784253
ising,-0.029062307876622468,0.0001804447058823526,20.0,0.8932,0.8996400000000001,1.0206730958515816e-34,-6.219055028315628e-20,-1.5355716147895387e-34,-5.28725821232346e-20,0.7845,0.791,0.7845,0.791
heisenberg,-0.025908797436597037,0.00015727928273862572,60.0,0.7144678446458718,0.7169876017330581,-0.013804427448671306,-0.012074758238173989,-0.013010048871238652,-0.006957070082509616,0.49953248553815666,0.5109487851385262,0.4727180092182467,0.49191695681784253
ising,-0.025908797436597037,0.00016279764705882382,20.0,0.8944000000000001,0.8996400000000001,1.2516903951682463e-34,-6.219055028315628e-20,9.389248057759886e-35,-5.28725821232346e-20,0.7855000000000001,0.791,0.7855000000000001,0.791
heisenberg,-0.022834446115588027,0.00013600996519261562,60.0,0.7231611018650664,0.7169876017330581,-0.017783034257819227,-0.012074758238173989,-0.009236011762306554,-0.006957070082509616,0.5190235854375947,0.5109487851385262,0.49200453941746897,0.49191695681784253
ising,-0.022834446115588027,8.397411764705939e-05,20.0,0.8944000000000001,0.8996400000000001,9.073743346553005e-35,-6.219055028315628e-20,-9.073743346553005e-35,-5.28725821232346e-20,0.7885,0.791,0.7885,0.791
heisenberg,-0.019829860851539437,7.147232083364516e-05,60.0,0.7117411473440082,0.7169876017330581,-0.014326673673967762,-0.012074758238173989,-0.01216625094687922,-0.006957070082509616,0.5059047076242867,0.5109487851385262,0.4794117830034398,0.49191695681784253
ising,-0.019829860851539437,0.0001576682352941171,20.0,0.9032,0.8996400000000001,-9.32507911693206e-20,-6.219055028315628e-20,-9.325079116932039e-20,-5.28725821232346e-20,0.8085,0.791,0.8085,0.791
heisenberg,-0.01688586173854889,0.00013038795898911483,60.0,0.7227244499907354,0.7169876017330581,-0.010983560442935641,-0.012074758238173989,-0.0071816206831910034,-0.006957070082509616,0.509749847636101,0.5109487851385262,0.49158466650997434,0.49191695681784253
ising,-0.01688586173854889,9.437411764705916e-05,20.0,0.9023999999999999,0.8996400000000001,-6.675453416470414e-35,-6.219055028315628e-20,6.675453416470414e-35,-5.28725821232346e-20,0.798,0.791,0.798,0.791
heisenberg,-0.01399345397951167,7.82778744572189e-05,60.0,0.7184451351904639,0.7169876017330581,-0.010054732653352218,-0.012074758238173989,-0.005740911456762481,-0.006957070082509616,0.5031238034095036,0.5109487851385262,0.4873281592993889,0.49191695681784253
ising,-0.01399345397951167,4.119764705882324e-05,20.0,0.9032,0.8996400000000001,-6.228434580743368e-20,-6.219055028315628e-20,-6.228434580743375e-20,-5.28725821232346e-20,0.792,0.791,0.792,0.791
heisenberg,-0.01114380040432747,0.0002324037294492235,60.0,0.7150097757183379,0.7169876017330581,-0.011049591624506905,-0.012074758238173989,-0.0038836528689367425,-0.006957070082509616,0.5020231290932529,0.5109487851385262,0.48708988459980923,0.49191695681784253
ising,-0.01114380040432747,0.0006728682352941149,20.0,0.8864000000000001,0.8996400000000001,-2.6438845779136286e-19,-6.219055028315628e-20,-2.643884577913625e-19,-5.28725821232346e-20,0.7575000000000001,0.791,0.7575000000000001,0.791
heisenberg,-0.008328194469704743,5.217242442693914e-05,60.0,0.7118803859611053,0.7169876017330581,-0.012291558446192369,-0.012074758238173989,-0.009592482751176233,-0.006957070082509616,0.5089110182080365,0.5109487851385262,0.48702697701066794,0.49191695681784253
ising,-0.008328194469704743,0.00014566823529411517,20.0,0.9008000000000003,0.8996400000000001,1.1000241461013936e-19,-6.219055028315628e-20,1.1000241461013936e-19,-5.28725821232346e-20,0.7945,0.791,0.7945,0.791
heisenberg,-0.005538033658069007,7.07377186082563e-05,60.0,0.7230275112693401,0.7169876017330581,-0.011118784360791986,-0.012074758238173989,-0.011353635133743496,-0.006957070082509616,0.5178069130679759,0.5109487851385262,0.4953344935734404,0.49191695681784253
ising,-0.005538033658069007,5.8656470588235015e-05,20.0,0.9024000000000001,0.8996400000000001,3.332920090984297e-35,-6.219055028315628e-20,-1.516031154859117e-35,-5.28725821232346e-20,0.7959999999999999,0.791,0.7959999999999999,0.791
heisenberg,-0.0027647931943008217,0.0002523987319567991,60.0,0.7214725937279148,0.7169876017330581,-0.009944610401555112,-0.012074758238173989,-0.003920642618136175,-0.006957070082509616,0.5198871157743103,0.5109487851385262,0.506021862754619,0.49191695681784253
ising,-0.0027647931943008217,0.00020482117647058757,20.0,0.8880000000000001,0.8996400000000001,3.9060596256018575e-35,-6.219055028315628e-20,-7.916090579817369e-35,-5.28725821232346e-20,0.7705000000000002,0.791,0.7705000000000002,0.791
heisenberg,0.0,5.014719029995629e-05,60.0,0.7211620206633761,0.7169876017330581,-0.014002862813878577,-0.012074758238173989,-0.011368474036615344,-0.006957070082509616,0.5142134182928253,0.5109487851385262,0.4888420814423314,0.49191695681784253
ising,0.0,0.00029842117647058776,20.0,0.9032,0.8996400000000001,-1.372192180215411e-20,-6.219055028315628e-20,-1.3721921802153974e-20,-5.28725821232346e-20,0.8,0.791,0.8,0.791
heisenberg,0.0027647931943008217,0.00011983699863719367,60.0,0.7264571859298223,0.7169876017330581,-0.008337003709095797,-0.012074758238173989,-0.00727798352477682,-0.006957070082509616,0.5281299570243547,0.5109487851385262,0.5125149697904821,0.49191695681784253
ising,0.0027647931943008217,3.065647058823479e-05,20.0,0.9012,0.8996400000000001,-6.397252260837747e-20,-6.219055028315628e-20,-6.397252260837731e-20,-5.28725821232346e-20,0.7935000000000003,0.791,0.7935000000000003,0.791
heisenberg,0.005538033658069052,0.00028207923396527946,60.0,0.7273462880452467,0.7169876017330581,-0.01339173548332042,-0.012074758238173989,-0.008957292852102065,-0.006957070082509616,0.5289059506510602,0.5109487851385262,0.5065569223156376,0.49191695681784253
ising,0.005538033658069052,9.042117647058838e-05,20.0,0.8968000000000002,0.8996400000000001,5.319871449617452e-35,-6.219055028315628e-20,-5.319871449617452e-35,-5.28725821232346e-20,0.7875000000000001,0.791,0.7875000000000001,0.791
heisenberg,0.00832819446970479,8.141758329890767e-05,60.0,0.7098745320248678,0.7169876017330581,-0.011356719680869862,-0.012074758238173989,-0.005979293168309572,-0.006957070082509616,0.5056391977716503,0.5109487851385262,0.48830318492247093,0.49191695681784253
ising,0.00832819446970479,0.00011475058823529523,20.0,0.9044000000000001,0.8996400000000001,-1.8901861621232836e-35,-6.219055028315628e-20,1.8901861621232836e-35,-5.28725821232346e-20,0.8010000000000002,0.791,0.8010000000000002,0.791
heisenberg,0.011143800404327516,6.326195050094888e-05,60.0,0.7136494270050371,0.7169876017330581,-0.012519381837936702,-0.012074758238173989,-0.005496549768860842,-0.006957070082509616,0.5146208087448076,0.5109487851385262,0.4966048771380101,0.49191695681784253
ising,0.011143800404327516,6.157411764705909e-05,20.0,0.8976000000000001,0.8996400000000001,-4.8520924764423924e-20,-6.219055028315628e-20,-4.852092476442378e-20,-5.28725821232346e-20,0.786,0.791,0.786,0.791
heisenberg,0.013993453979511718,0.00010229129033996981,60.0,0.7142394662663714,0.7169876017330581,-0.012011192890138073,-0.012074758238173989,-0.008424158958678289,-0.006957070082509616,0.5088581228435795,0.5109487851385262,0.4884227709947631,0.49191695681784253
ising,0.013993453979511718,0.0002434094117647056,20.0,0.8960000000000001,0.8996400000000001,4.1342675661191407e-35,-6.219055028315628e-20,-4.134267566119141e-35,-5.28725821232346e-20,0.7745,0.791,0.7745,0.791
heisenberg,0.016885861738548936,5.651854517226326e-05,60.0,0.7129283604043233,0.7169876017330581,-0.011773723191986756,-0.012074758238173989,-0.005611352270975661,-0.006957070082509616,0.511815938678535,0.5109487851385262,0.4944308632155726,0.49191695681784253
ising,0.016885861738548936,0.00020030352941176338,20.0,0.9099999999999999,0.8996400000000001,4.541401434841567e-35,-6.219055028315628e-20,-1.2424278738376405e-35,-5.28725821232346e-20,0.8145,0.791,0.8145,0.791
heisenberg,0.019829860851539437,0.00020947050921560898,60.0,0.7022701329282806,0.7169876017330581,-0.009555202383255593,-0.012074758238173989,-0.006399831416435459,-0.006957070082509616,0.4915830014330195,0.5109487851385262,0.47562796763332843,0.49191695681784253
ising,0.019829860851539437,0.0002476917647058818,20.0,0.9036,0.8996400000000001,2.1324942953449603e-35,-6.219055028315628e-20,-2.1324942953449603e-35,-5.28725821232346e-20,0.8065,0.791,0.8065,0.791
heisenberg,0.022834446115588027,0.00023208442579239347,60.0,0.7267300080391583,0.7169876017330581,-0.010576454297687535,-0.012074758238173989,-0.005156477184974488,-0.006957070082509616,0.5302017513808286,0.5109487851385262,0.5144688198981666,0.49191695681784253
ising,0.022834446115588027,0.0002104682352941156,20.0,0.9132,0.8996400000000001,1.01463791161222e-19,-6.219055028315628e-20,1.0146379116122205e-19,-5.28725821232346e-20,0.8124999999999999,0.791,0.8124999999999999,0.791
heisenberg,0.025908797436597037,0.00017734780604855842,60.0,0.7202563736754246,0.7169876017330581,-0.01266609208274664,-0.012074758238173989,-0.012251057915168026,-0.006957070082509616,0.5118533816266176,0.5109487851385262,0.486936231628703,0.49191695681784253
ising,0.025908797436597037,7.169176470588144e-05,20.0,0.9008,0.8996400000000001,2.565543020587742e-35,-6.219055028315628e-20,-2.565543020587742e-35,-5.28725821232346e-20,0.7875000000000001,0.791,0.7875000000000001,0.791
heisenberg,0.029062307876622468,8.610409119772205e-05,60.0,0.711138685754026,0.7169876017330581,-0.011031282144807052,-0.012074758238173989,-0.00661575396462319,-0.006957070082509616,0.5145822219992239,0.5109487851385262,0.49693518588979363,0.49191695681784253
ising,0.029062307876622468,0.00012326823529411793,20.0,0.9056,0.8996400000000001,-9.540455413248835e-36,-6.219055028315628e-20,6.701503803482432e-36,-5.28725821232346e-20,0.808,0.791,0.808,0.791
heisenberg,0.03230461235248561,0.00021519830448373512,60.0,0.7061580053418215,0.7169876017330581,-0.012990242751268869,-0.012074758238173989,-0.009321343199195815,-0.006957070082509616,0.4910393038925539,0.5109487851385262,0.46872771794208923,0.49191695681784253
ising,0.03230461235248561,0.00014171529411764758,20.0,0.892,0.8996400000000001,4.0706244421921383e-19,-6.219055028315628e-20,4.0706244421921383e-19,-5.28725821232346e-20,0.775,0.791,0.775,0.791
heisenberg,0.03564561707332336,0.0003587016089175514,60.0,0.7222483187431713,0.7169876017330581,-0.012646262614848712,-0.012074758238173989,-0.0070958296911464245,-0.006957070082509616,0.5184845926100395,0.5109487851385262,0.49874250030404443,0.49191695681784253
ising,0.03564561707332336,0.00014896235294117738,20.0,0.9036000000000002,0.8996400000000001,-1.0488226981038456e-20,-6.219055028315628e-20,-1.0488226981038342e-20,-5.28725821232346e-20,0.8035000000000002,0.791,0.8035000000000002,0.791
heisenberg,0.03909552980701758,0.00016039050627303557,60.0,0.7240044725350776,0.7169876017330581,-0.01098934004548418,-0.012074758238173989,-0.0034426363218734777,-0.006957070082509616,0.5246146381204526,0.5109487851385262,0.5101826617530949,0.49191695681784253
ising,0.03909552980701758,0.00021870352941176453,20.0,0.9084000000000001,0.8996400000000001,-6.312284338792365e-35,-6.219055028315628e-20,6.312284338792365e-35,-5.28725821232346e-20,0.8115000000000001,0.791,0.8115000000000001,0.791
heisenberg,0.04266489106797659,0.0003218540293259411,60.0,0.6970689804424121,0.7169876017330581,-0.022502356709790654,-0.012074758238173989,-0.011715783080892866,-0.006957070082509616,0.4929975620104426,0.5109487851385262,0.4587794222197591,0.49191695681784253
ising,0.04266489106797659,0.00038627999999999937,20.0,0.9084,0.8996400000000001,1.085561875855927e-19,-6.219055028315628e-20,1.085561875855926e-19,-5.28725821232346e-20,0.8075000000000001,0.791,0.8075000000000001,0.791
heisenberg,0.046364606321556735,0.000256257836322851,60.0,0.7291555855014014,0.7169876017330581,-0.009877294623406722,-0.012074758238173989,-0.010322312240519417,-0.006957070082509616,0.5365011274250477,0.5109487851385262,0.5163015205611216,0.49191695681784253
ising,0.046364606321556735,5.009176470588297e-05,20.0,0.8968,0.8996400000000001,2.1383565615154436e-35,-6.219055028315628e-20,-2.1383565615154436e-35,-5.28725821232346e-20,0.7809999999999999,0.791,0.7809999999999999,0.791
heisenberg,0.05020597930351803,0.00015976725755762012,60.0,0.7098629044820945,0.7169876017330581,-0.010131528261988697,-0.012074758238173989,-0.00650539461189688,-0.006957070082509616,0.5029905971659896,0.5109487851385262,0.486353674292104,0.49191695681784253
ising,0.05020597930351803,0.00010204470588235315,20.0,0.8968,0.8996400000000001,-2.1172340075273915e-35,-6.219055028315628e-20,2.1172340075273915e-35,-5.28725821232346e-20,0.788,0.791,0.788,0.791
heisenberg,0.05420074655631531,0.00012406093991306538,60.0,0.7230154777896802,0.7169876017330581,-0.013128103802626473,-0.012074758238173989,-0.010597609460408657,-0.006957070082509616,0.5259481448990605,0.5109487851385262,0.5022224316360253,0.49191695681784253
ising,0.05420074655631531,0.00012223294117647107,20.0,0.8939999999999999,0.8996400000000001,-2.162243414522586e-19,-6.219055028315628e-20,-2.162243414522585e-19,-5.28725821232346e-20,0.7779999999999999,0.791,0.7779999999999999,0.791
heisenberg,0.058361113287742565,7.861300981597426e-05,60.0,0.714592355177228,0.7169876017330581,-0.012256900874567206,-0.012074758238173989,-0.004420714383251657,-0.006957070082509616,0.49892768897668294,0.5109487851385262,0.4822500737188641,0.49191695681784253
ising,0.058361113287742565,0.0001801623529411747,20.0,0.9043999999999999,0.8996400000000001,5.654080140037058e-35,-6.219055028315628e-20,-5.654080140037058e-35,-5.28725821232346e-20,0.8049999999999999,0.791,0.8049999999999999,0.791
heisenberg,0.06269979066149045,5.4679579582676926e-05,60.0,0.7195824751984488,0.7169876017330581,-0.014609508074112106,-0.012074758238173989,-0.013111027270693045,-0.006957070082509616,0.5173722839920053,0.5109487851385262,0.4896517486472001,0.49191695681784253
ising,0.06269979066149045,7.992705882352934e-05,20.0,0.9019999999999999,0.8996400000000001,1.316202389797386e-34,-6.219055028315628e-20,-1.3566922120016117e-34,-5.28725821232346e-20,0.7980000000000003,0.791,0.7980000000000003,0.791
heisenberg,0.0672300346335501,0.0004134264474555172,60.0,0.7260634180333984,0.7169876017330581,-0.015285765102501812,-0.012074758238173989,-0.010486210960846818,-0.006957070082509616,0.5355012550500895,0.5109487851385262,0.5097292789867409,0.49191695681784253
ising,0.0672300346335501,0.00022402117647058378,20.0,0.9075999999999999,0.8996400000000001,3.6228961367554906e-35,-6.219055028315628e-20,-3.6228961367554906e-35,-5.28725821232346e-20,0.8114999999999998,0.791,0.8114999999999998,0.791
heisenberg,0.07196568645312015,0.0003944402228678108,60.0,0.6977597605432907,0.7169876017330581,-0.008169911459897313,-0.012074758238173989,-0.010181501084763601,-0.006957070082509616,0.480814618570482,0.5109487851385262,0.4624632060258211,0.49191695681784253
ising,0.07196568645312015,0.00017150352941176588,20.0,0.8935999999999998,0.8996400000000001,-2.707929597314717e-35,-6.219055028315628e-20,2.707929597314717e-35,-5.28725821232346e-20,0.7749999999999998,0.791,0.7749999999999998,0.791
heisenberg,0.0769212149517596,7.789589721590388e-05,60.0,0.7141012403488156,0.7169876017330581,-0.014266146838040561,-0.012074758238173989,-0.007521853483121137,-0.006957070082509616,0.5136858271337303,0.5109487851385262,0.49189782681256866,0.49191695681784253
ising,0.0769212149517596,0.00023267999999999946,20.0,0.9048,0.8996400000000001,2.3502045609604145e-35,-6.219055028315628e-20,-1.3885053766651016e-34,-5.28725821232346e-20,0.8015000000000001,0.791,0.8015000000000001,0.791
heisenberg,0.08211176074999216,0.00013158036404555356,60.0,0.715944757088198,0.7169876017330581,-0.01171685765873731,-0.012074758238173989,-0.00591806681656377,-0.006957070082509616,0.5103474439483332,0.5109487851385262,0.49271251947303213,0.49191695681784253
ising,0.08211176074999216,0.00014820941176470561,20.0,0.9028,0.8996400000000001,1.0658191179716336e-19,-6.219055028315628e-20,1.0658191179716333e-19,-5.28725821232346e-20,0.7995,0.791,0.7995,0.791
heisenberg,0.08755318251642662,0.00011989453636173302,60.0,0.715085632019841,0.7169876017330581,-0.012971028175600472,-0.012074758238173989,-0.008771079342466608,-0.006957070082509616,0.5149722024330357,0.5109487851385262,0.49323009491496855,0.49191695681784253
ising,0.08755318251642662,4.190352941176488e-05,20.0,0.8996000000000001,0.8996400000000001,-4.485991444563458e-19,-6.219055028315628e-20,-4.485991444563458e-19,-5.28725821232346e-20,0.798,0.791,0.798,0.791
heisenberg,0.09326210542072925,0.00010393477200072841,60.0,0.7148525749869743,0.7169876017330581,-0.01706289987616805,-0.012074758238173989,-0.01261626461146853,-0.006957070082509616,0.5048286505816537,0.5109487851385262,0.47514948609401714,0.49191695681784253
ising,0.09326210542072925,6.40211764705875e-05,20.0,0.9032,0.8996400000000001,-5.609041068653656e-21,-6.219055028315628e-20,-5.609041068653587e-21,-5.28725821232346e-20,0.8019999999999999,0.791,0.8019999999999999,0.791
heisenberg,0.09925597192848501,0.0003016530384049481,60.0,0.7206357160296974,0.7169876017330581,-0.011479590987871484,-0.012074758238173989,-0.004865531314815933,-0.006957070082509616,0.5298378807739648,0.5109487851385262,0.5134927584712774,0.49191695681784253
ising,0.09925597192848501,4.9150588235294135e-05,20.0,0.8952,0.8996400000000001,-4.221237653146539e-20,-6.219055028315628e-20,-4.221237653146539e-20,-5.28725821232346e-20,0.7805,0.791,0.7805,0.791
heisenberg,0.10555309509314288,0.00028956858385053425,60.0,0.7028349519642988,0.7169876017330581,-0.012316752958159111,-0.012074758238173989,-0.010303222901554533,-0.006957070082509616,0.4981893191954315,0.5109487851385262,0.4755693433357179,0.49191695681784253
ising,0.10555309509314288,0.00021823294117647053,20.0,0.8968,0.8996400000000001,5.647971032131868e-20,-6.219055028315628e-20,5.647971032131858e-20,-5.28725821232346e-20,0.7885000000000001,0.791,0.7885000000000001,0.791
heisenberg,0.11217271450786703,7.752731734377035e-05,60.0,0.7155567649704759,0.7169876017330581,-0.005242763355391809,-0.012074758238173989,-0.001572017684111598,-0.006957070082509616,0.5184037302335223,0.5109487851385262,0.5115889491940189,0.49191695681784253
ising,0.11217271450786703,0.00017597411764705932,20.0,0.9020000000000001,0.8996400000000001,-8.677702267384706e-36,-6.219055028315628e-20,2.3212310966556366e-35,-5.28725821232346e-20,0.7985000000000001,0.791,0.7985000000000001,0.791
heisenberg,0.11913505508824361,0.00011833890732623485,60.0,0.7099409860236587,0.7169876017330581,-0.008923003180927576,-0.012074758238173989,-0.007429573618582215,-0.006957070082509616,0.49865441290203005,0.5109487851385262,0.48230183610252025,0.49191695681784253
ising,0.11913505508824361,8.482117647058902e-05,20.0,0.906,0.8996400000000001,1.327841415783207e-19,-6.219055028315628e-20,1.327841415783206e-19,-5.28725821232346e-20,0.806,0.791,0.806,0.791
heisenberg,0.12646138886544203,8.04166680644392e-05,60.0,0.7130383496594568,0.7169876017330581,-0.012355281438391453,-0.012074758238173989,-0.004706903346078999,-0.006957070082509616,0.5122740016341594,0.5109487851385262,0.4952118168496889,0.49191695681784253
ising,0.12646138886544203,0.00024025647058823583,20.0,0.8828000000000001,0.8996400000000001,-3.1742213266440266e-19,-6.219055028315628e-20,-3.174221326644026e-19,-5.28725821232346e-20,0.7665000000000001,0.791,0.7665000000000001,0.791
heisenberg,0.1341740999786275,0.00034357106494783767,60.0,0.6953839164525236,0.7169876017330581,-0.015784681614477207,-0.012074758238173989,-0.007025839919253702,-0.006957070082509616,0.4882668582288997,0.5109487851385262,0.4654563366951688,0.49191695681784253
ising,0.1341740999786275,0.00012731529411764414,20.0,0.9103999999999999,0.8996400000000001,-2.1198608478694264e-19,-6.219055028315628e-20,-2.1198608478694269e-19,-5.28725821232346e-20,0.8059999999999997,0.791,0.8059999999999997,0.791
heisenberg,0.1422967530651956,0.00014113616099272296,60.0,0.7210520654381034,0.7169876017330581,-0.008177782112672654,-0.012074758238173989,-0.008522492643734322,-0.006957070082509616,0.5200050806086213,0.5109487851385262,0.5033048058522143,0.49191695681784253
ising,0.1422967530651956,0.0001024211764705883,20.0,0.898,0.8996400000000001,-1.3478921389454214e-35,-6.219055028315628e-20,1.3478921389454214e-35,-5.28725821232346e-20,0.7935000000000001,0.791,0.7935000000000001,0.791
heisenberg,0.15085416525778153,9.010226889882549e-05,60.0,0.7175667611840654,0.7169876017330581,-0.016363337807645383,-0.012074758238173989,-0.010233474002425387,-0.006957070082509616,0.5166946499004423,0.5109487851385262,0.49009783809037155,0.49191695681784253
ising,0.15085416525778153,8.84917647058825e-05,20.0,0.8964000000000001,0.8996400000000001,-5.796492081036731e-35,-6.219055028315628e-20,5.796492081036731e-35,-5.28725821232346e-20,0.7805,0.791,0.7805,0.791
heisenberg,0.1598724820080178,0.0003300492346956269,60.0,0.6954309901456063,0.7169876017330581,-0.009579432246172028,-0.012074758238173989,-0.005665879178802758,-0.006957070082509616,0.49283021992578024,0.5109487851385262,0.4775849085008055,0.49191695681784253
ising,0.1598724820080178,0.00034872705882352885,20.0,0.9084,0.8996400000000001,1.4143789260271007e-35,-6.219055028315628e-20,-1.4143789260271007e-35,-5.28725821232346e-20,0.812,0.791,0.812,0.791
heisenberg,0.16937925696870137,0.00019053305517573974,60.0,0.7041073253556117,0.7169876017330581,-0.0102143333089279,-0.012074758238173989,-0.0075685888094446305,-0.006957070082509616,0.49357552378374847,0.5109487851385262,0.47579260166537596,0.49191695681784253
ising,0.16937925696870137,0.00032279764705882356,20.0,0.9100000000000001,0.8996400000000001,1.560552728737297e-36,-6.219055028315628e-20,-1.560552728737297e-36,-5.28725821232346e-20,0.8210000000000001,0.791,0.8210000000000001,0.791
heisenberg,0.17940353617843813,0.0003813361361449413,60.0,0.7076741265535194,0.7169876017330581,-0.015328120605789615,-0.012074758238173989,-0.01284210551303941,-0.006957070082509616,0.5094876853649563,0.5109487851385262,0.48131745924612723,0.49191695681784253
ising,0.17940353617843813,0.00021696235294117627,20.0,0.8939999999999999,0.8996400000000001,-6.851880388955298e-35,-6.219055028315628e-20,1.8822483576607094e-35,-5.28725821232346e-20,0.7830000000000001,0.791,0.7830000000000001,0.791
heisenberg,0.18997594680597105,0.00010306074481640409,60.0,0.7099786228059458,0.7169876017330581,-0.012013606346830063,-0.012074758238173989,-0.006046575779841612,-0.006957070082509616,0.5112315895977548,0.5109487851385262,0.4931714074710832,0.49191695681784253
ising,0.18997594680597105,0.00011964470588235361,20.0,0.9040000000000001,0.8996400000000001,2.5479725011219546e-19,-6.219055028315628e-20,2.5479725011219565e-19,-5.28725821232346e-20,0.7975,0.791,0.7975,0.791
heisenberg,0.20112879072533352,0.00042828194469203345,60.0,0.6983281492350901,0.7169876017330581,-0.012575025826224061,-0.012074758238173989,-0.009454216656284535,-0.006957070082509616,0.48100470412245255,0.5109487851385262,0.45897546163994396,0.49191695681784253
ising,0.20112879072533352,0.00010524470588235335,20.0,0.8976,0.8996400000000001,2.208429580575107e-34,-6.219055028315628e-20,-2.963641978654749e-35,-5.28725821232346e-20,0.7924999999999999,0.791,0.7924999999999999,0.791
heisenberg,0.2128961432077281,0.00011541687654162368,60.0,0.705073921532182,0.7169876017330581,-0.011456944929564951,-0.012074758238173989,-0.01051097423990835,-0.006957070082509616,0.5018346901688313,0.5109487851385262,0.47986677099935804,0.49191695681784253
ising,0.2128961432077281,0.0001348447058823509,20.0,0.8908000000000001,0.8996400000000001,9.15819811588595e-35,-6.219055028315628e-20,5.335327357894476e-35,-5.28725821232346e-20,0.7830000000000001,0.791,0.7830000000000001,0.791
heisenberg,0.22531395703166346,0.00017861648242115105,60.0,0.7205386394222881,0.7169876017330581,-0.009951067888956278,-0.012074758238173989,-0.006320872219095331,-0.006957070082509616,0.5201545565083985,0.5109487851385262,0.5038826164003469,0.49191695681784253
ising,0.22531395703166346,0.0001539035294117645,20.0,0.898,0.8996400000000001,-3.07402082961865e-20,-6.219055028315628e-20,-3.0740208296186505e-20,-5.28725821232346e-20,0.7905,0.791,0.7905,0.791
heisenberg,0.2384201723294368,0.00022429636278406561,60.0,0.7079972473669895,0.7169876017330581,-0.00957448644337427,-0.012074758238173989,-0.013320424702557794,-0.006957070082509616,0.5090109239241181,0.5109487851385262,0.486116012778186,0.49191695681784253
ising,0.2384201723294368,0.00014392705882352878,20.0,0.9064,0.8996400000000001,9.145104806430034e-36,-6.219055028315628e-20,-9.145104806430034e-36,-5.28725821232346e-20,0.8079999999999999,0.791,0.8079999999999999,0.791
heisenberg,0.25225483250557745,0.0004575389737680818,60.0,0.6889228894417675,0.7169876017330581,-0.007063322251432372,-0.012074758238173989,-0.005604930603732718,-0.006957070082509616,0.4853886878079077,0.5109487851385262,0.47272043495274263,0.49191695681784253
ising,0.25225483250557745,0.00017672705882353017,20.0,0.8940000000000001,0.8996400000000001,1.8782709897379172e-19,-6.219055028315628e-20,1.8782709897379186e-19,-5.28725821232346e-20,0.782,0.791,0.782,0.791
heisenberg,0.26686020658141335,0.00023098859113504275,60.0,0.6986755852562231,0.7169876017330581,-0.005263810795505416,-0.012074758238173989,-0.00889114615424662,-0.006957070082509616,0.5037341353463496,0.5109487851385262,0.48957917839659754,0.49191695681784253
ising,0.26686020658141335,0.00020472705882352969,20.0,0.8984,0.8996400000000001,1.0411488207877745e-20,-6.219055028315628e-20,1.0411488207877808e-20,-5.28725821232346e-20,0.796,0.791,0.796,0.791
heisenberg,0.2822809183395642,0.00028834815550872966,60.0,0.7052445673018792,0.7169876017330581,-0.01126355687045763,-0.012074758238173989,-0.0047331161633801305,-0.006957070082509616,0.5041732885192091,0.5109487851385262,0.4881766154853713,0.49191695681784253
ising,0.2822809183395642,0.0001723035294117646,20.0,0.8956000000000002,0.8996400000000001,-6.983817774578409e-20,-6.219055028315628e-20,-6.983817774578409e-20,-5.28725821232346e-20,0.7875,0.791,0.7875,0.791
heisenberg,0.298564082662933,0.00021350675594327821,60.0,0.7044037716815958,0.7169876017330581,-0.006133830187044096,-0.012074758238173989,-0.010932030487237262,-0.006957070082509616,0.4970614401015816,0.5109487851385262,0.47999557942730026,0.49191695681784253
ising,0.298564082662933,6.590352941176454e-05,20.0,0.9004,0.8996400000000001,6.471378012528755e-19,-6.219055028315628e-20,6.471378012528755e-19,-5.28725821232346e-20,0.7975000000000001,0.791,0.7975000000000001,0.791
heisenberg,0.31575944948475315,0.00017142885358239847,60.0,0.7081022369847979,0.7169876017330581,-0.005728639821554858,-0.012074758238173989,-0.007082900424054442,-0.006957070082509616,0.5102173979545555,0.5109487851385262,0.49740585770894613,0.49191695681784253
ising,0.31575944948475315,0.0001714564705882387,20.0,0.8951999999999998,0.8996400000000001,5.062085737296405e-20,-6.219055028315628e-20,5.0620857372964124e-20,-5.28725821232346e-20,0.7759999999999997,0.791,0.7759999999999997,0.791
heisenberg,0.3339195557895039,0.00023948498424746143,60.0,0.6997270838359161,0.7169876017330581,-0.0043179665852721115,-0.012074758238173989,-0.007535134936227224,-0.006957070082509616,0.49462157224421244,0.5109487851385262,0.4827684707227131,0.49191695681784253
ising,0.3339195557895039,2.9809411764706054e-05,20.0,0.8968000000000002,0.8996400000000001,5.427878918045661e-35,-6.219055028315628e-20,-5.427878918045661e-35,-5.28725821232346e-20,0.7925000000000002,0.791,0.7925000000000002,0.791
heisenberg,0.35309988612909526,6.788324000185799e-05,60.0,0.7170158970238929,0.7169876017330581,-0.00776309557964844,-0.012074758238173989,-0.012143301878215704,-0.006957070082509616,0.5173423908312125,0.5109487851385262,0.4974359933733483,0.49191695681784253
ising,0.35309988612909526,2.8538823529414032e-05,20.0,0.8971999999999998,0.8996400000000001,7.171661975558781e-19,-6.219055028315628e-20,7.171661975558779e-19,-5.28725821232346e-20,0.7829999999999996,0.791,0.7829999999999996,0.791
heisenberg,0.37335904214476034,0.0003820012295169594,60.0,0.6954506563252176,0.7169876017330581,-0.005131318739490139,-0.012074758238173989,-0.008102226460544705,-0.006957070082509616,0.4877615071650989,0.5109487851385262,0.4745279619650641,0.49191695681784253
ising,0.37335904214476034,6.919764705882366e-05,20.0,0.8984,0.8996400000000001,2.5063442008674076e-35,-6.219055028315628e-20,-2.5063442008674076e-35,-5.28725821232346e-20,0.7955000000000001,0.791,0.7955000000000001,0.791
heisenberg,0.3947589216125771,0.0004320840834161979,60.0,0.6895680262413575,0.7169876017330581,-0.004916631939454386,-0.012074758238173989,-0.0038685992046423494,-0.006957070082509616,0.4893239571609238,0.5109487851385262,0.48053872601682707,0.49191695681784253
ising,0.3947589216125771,0.000245009411764706,20.0,0.9052000000000001,0.8996400000000001,1.1314313699143674e-19,-6.219055028315628e-20,1.131431369914368e-19,-5.28725821232346e-20,0.8085,0.791,0.8085,0.791
heisenberg,0.4173649075596779,0.00029279338628968336,60.0,0.700259207536084,0.7169876017330581,-0.00553893030951062,-0.012074758238173989,-0.007127092432031949,-0.006957070082509616,0.503426522988327,0.5109487851385262,0.49076050024678447,0.49191695681784253
ising,0.4173649075596779,6.496235294117598e-05,20.0,0.9056000000000001,0.8996400000000001,1.60082931517969e-35,-6.219055028315628e-20,-1.60082931517969e-35,-5.28725821232346e-20,0.7995000000000001,0.791,0.7995000000000001,0.791
heisenberg,0.4412460680289318,0.00024126874056469208,60.0,0.7070642731255437,0.7169876017330581,-0.004781166389260905,-0.012074758238173989,-0.00696539306940046,-0.006957070082509616,0.5161347097635569,0.5109487851385262,0.5043881503048956,0.49191695681784253
ising,0.4412460680289318,4.3974117647058934e-05,20.0,0.9012,0.8996400000000001,-5.518870709913777e-36,-6.219055028315628e-20,5.518870709913777e-36,-5.28725821232346e-20,0.7945,0.791,0.7945,0.791
heisenberg,0.46647536710246174,0.0002254813389557559,60.0,0.6965030229116069,0.7169876017330581,-0.001413101381634098,-0.012074758238173989,-0.0058475090914439885,-0.006957070082509616,0.4990934961751713,0.5109487851385262,0.4918328857020932,0.49191695681784253
ising,0.46647536710246174,5.64447058823532e-05,20.0,0.9012,0.8996400000000001,1.1227433972796749e-20,-6.219055028315628e-20,1.1227433972796941e-20,-5.28725821232346e-20,0.801,0.791,0.801,0.791
heisenberg,0.49312988782871536,0.00039025837214145534,60.0,0.6902142556932249,0.7169876017330581,-0.005913415892784385,-0.012074758238173989,-0.014193242445457084,-0.006957070082509616,0.4970276690565867,0.5109487851385262,0.4769210107183452,0.49191695681784253
ising,0.49312988782871536,4.011529411764696e-05,20.0,0.8944000000000001,0.8996400000000001,3.7866208631010805e-35,-6.219055028315628e-20,-3.7866208631010805e-35,-5.28725821232346e-20,0.7825,0.791,0.7825,0.791
heisenberg,0.5212910677342192,0.000687196241487662,60.0,0.6855297861758957,0.7169876017330581,-0.002946003917788209,-0.012074758238173989,-0.003286481076517761,-0.006957070082509616,0.478924824468295,0.5109487851385262,0.47269233947398903,0.49191695681784253
ising,0.5212910677342192,0.00015809176470588226,20.0,0.8987999999999999,0.8996400000000001,2.5576509815840035e-36,-6.219055028315628e-20,-2.5576509815840035e-36,-5.28725821232346e-20,0.7795,0.791,0.7795,0.791
heisenberg,0.5510449476395579,0.0006274474908292306,60.0,0.6875634460532607,0.7169876017330581,0.0008179226957408035,-0.012074758238173989,-0.007355234171851783,-0.006957070082509616,0.4774373268696584,0.5109487851385262,0.4709000153935474,0.49191695681784253
ising,0.5510449476395579,6.651529411764709e-05,20.0,0.9024000000000001,0.8996400000000001,2.1625440056807646e-34,-6.219055028315628e-20,-7.826711915372139e-35,-5.28725821232346e-20,0.7985000000000001,0.791,0.7985000000000001,0.791
heisenberg,0.5824824345397914,0.002154335563840477,60.0,0.6558108277085364,0.7169876017330581,-0.0021579025955257495,-0.012074758238173989,-0.008009700014316022,-0.006957070082509616,0.44647969177202607,0.5109487851385262,0.4363120891621843,0.49191695681784253
ising,0.5824824345397914,0.00010562117647058748,20.0,0.9004000000000001,0.8996400000000001,1.032094674049597e-34,-6.219055028315628e-20,-1.032094674049597e-34,-5.28725821232346e-20,0.7910000000000001,0.791,0.7910000000000001,0.791
heisenberg,0.6156995793524993,0.0013174481959051766,60.0,0.6668545307567978,0.7169876017330581,-0.003799962668651493,-0.012074758238173989,-0.014104149810713486,-0.006957070082509616,0.466569549289821,0.5109487851385262,0.448665436810456,0.49191695681784253
ising,0.6156995793524993,9.43741176470594e-05,20.0,0.8931999999999999,0.8996400000000001,-4.916556773948436e-35,-6.219055028315628e-20,-1.1031776856148203e-34,-5.28725821232346e-20,0.7769999999999999,0.791,0.7769999999999999,0.791
heisenberg,0.6507978703820303,0.0013989856418134042,60.0,0.6682648812459011,0.7169876017330581,-0.0028885015430692483,-0.012074758238173989,-0.014281112571029153,-0.006957070082509616,0.4713518722020895,0.5109487851385262,0.4541822580879911,0.49191695681784253
ising,0.6507978703820303,0.00015983294117646939,20.0,0.908,0.8996400000000001,5.650295754665857e-38,-6.219055028315628e-20,-5.650295754665857e-38,-5.28725821232346e-20,0.8109999999999999,0.791,0.8109999999999999,0.791
heisenberg,0.687884543396611,0.0004900141162550829,60.0,0.684124769466413,0.7169876017330581,-0.005115572096271262,-0.012074758238173989,-0.012635878989707628,-0.006957070082509616,0.49098935388665976,0.5109487851385262,0.4732379028006809,0.49191695681784253
ising,0.687884543396611,6.279764705882409e-05,20.0,0.8976,0.8996400000000001,9.03472992326198e-20,-6.219055028315628e-20,9.034729923261977e-20,-5.28725821232346e-20,0.7914999999999999,0.791,0.7914999999999999,0.791
heisenberg,0.7270729092656556,0.0015106198837681484,60.0,0.6654174047281669,0.7169876017330581,-0.008563467981105558,-0.012074758238173989,-0.01827207723653418,-0.006957070082509616,0.45898742533104225,0.5109487851385262,0.4321518801134025,0.49191695681784253
ising,0.7270729092656556,0.00019945647058823506,20.0,0.9004,0.8996400000000001,2.789218607921419e-35,-6.219055028315628e-20,-9.160451269215188e-35,-5.28725821232346e-20,0.7965,0.791,0.7965,0.791
heisenberg,0.7684827001583452,0.0015345605207032881,60.0,0.6690482134888935,0.7169876017330581,-0.010537438544716513,-0.012074758238173989,-0.018307689461389602,-0.006957070082509616,0.46066756202370757,0.5109487851385262,0.43182243401760145,0.49191695681784253
ising,0.7684827001583452,5.2632941176473014e-05,20.0,0.8963999999999996,0.8996400000000001,5.058642505084283e-36,-6.219055028315628e-20,-5.058642505084283e-36,-5.28725821232346e-20,0.7849999999999996,0.791,0.7849999999999996,0.791
heisenberg,0.8122404353611758,0.002772432604626309,60.0,0.6423512702141685,0.7169876017330581,-0.011294827230223565,-0.012074758238173989,-0.020421609018015575,-0.006957070082509616,0.44890083053083285,0.5109487851385262,0.4171843942825937,0.49191695681784253
ising,0.8122404353611758,0.00015597411764705824,20.0,0.8959999999999999,0.8996400000000001,-6.303596073495894e-35,-6.219055028315628e-20,-9.068684301208982e-35,-5.28725821232346e-20,0.7869999999999999,0.791,0.7869999999999999,0.791
heisenberg,0.8584798078321985,0.0022945685967490645,60.0,0.6486446763767878,0.7169876017330581,-0.0030675862479047455,-0.012074758238173989,-0.014834852421738265,-0.006957070082509616,0.45756030328203756,0.5109487851385262,0.43965786461239453,0.49191695681784253
ising,0.8584798078321985,0.00024646823529411764,20.0,0.9028,0.8996400000000001,6.592133703527493e-20,-6.219055028315628e-20,6.592133703527508e-20,-5.28725821232346e-20,0.8044999999999998,0.791,0.8044999999999998,0.791
heisenberg,0.9073420926729565,0.0016423740541112793,60.0,0.6584107201076401,0.7169876017330581,0.0011624681984508016,-0.012074758238173989,-0.015183504983813927,-0.006957070082509616,0.4687632801544813,0.5109487851385262,0.45474224336911817,0.49191695681784253
ising,0.9073420926729565,0.0001401152941176472,20.0,0.9028,0.8996400000000001,-1.4463020354230634e-34,-6.219055028315628e-20,1.4463020354230634e-34,-5.28725821232346e-20,0.7945000000000001,0.791,0.7945000000000001,0.791
heisenberg,0.9589765787661355,0.0037844760951826345,60.0,0.6414452213815077,0.7169876017330581,0.0003476612094220182,-0.012074758238173989,-0.012736381911307711,-0.006957070082509616,0.41912314891165214,0.5109487851385262,0.40673442820976646,0.49191695681784253
ising,0.9589765787661355,6.825647058823576e-05,20.0,0.9004,0.8996400000000001,-3.369324138252299e-35,-6.219055028315628e-20,3.369324138252299e-35,-5.28725821232346e-20,0.8005,0.791,0.8005,0.791
heisenberg,1.0135410248977268,0.0018033003827681176,60.0,0.6553577081026315,0.7169876017330581,-0.0012454971987190344,-0.012074758238173989,-0.007713476524167385,-0.006957070082509616,0.46617277549061686,0.5109487851385262,0.45721380176773047,0.49191695681784253
ising,1.0135410248977268,0.0001159741176470585,20.0,0.8976000000000001,0.8996400000000001,-1.0963320154125702e-34,-6.219055028315628e-20,6.181905276332343e-35,-5.28725821232346e-20,0.7789999999999999,0.791,0.7789999999999999,0.791
heisenberg,1.0712021417572508,0.0017883529772895247,60.0,0.660619573191968,0.7169876017330581,-0.0003610181784628182,-0.012074758238173989,-0.0033335315064130897,-0.006957070082509616,0.4687035817499306,0.5109487851385262,0.4650090320650547,0.49191695681784253
ising,1.0712021417572508,0.00044900941176470604,20.0,0.9172,0.8996400000000001,7.92214136061276e-35,-6.219055028315628e-20,-7.92214136061276e-35,-5.28725821232346e-20,0.8225,0.791,0.8225,0.791
heisenberg,1.1321361012887499,0.002026051780430345,60.0,0.658856366821546,0.7169876017330581,5.9602196315688996e-05,-0.012074758238173989,-0.00042545231129038447,-0.006957070082509616,0.4496411173614964,0.5109487851385262,0.4492752672465217,0.49191695681784253
ising,1.1321361012887499,6.006823529411735e-05,20.0,0.9004,0.8996400000000001,-9.488882289483288e-35,-6.219055028315628e-20,9.488882289483288e-35,-5.28725821232346e-20,0.7909999999999999,0.791,0.7909999999999999,0.791
heisenberg,1.1965290749487107,0.0021338967165987063,60.0,0.6536125586406407,0.7169876017330581,-3.3771342794810426e-05,-0.012074758238173989,-0.0002011634965267005,-0.006957070082509616,0.4649986254505812,0.5109487851385262,0.46476369061125966,0.49191695681784253
ising,1.1965290749487107,0.0001437858823529409,20.0,0.8952,0.8996400000000001,-2.2616773877344423e-35,-6.219055028315628e-20,-7.243272243874051e-35,-5.28725821232346e-20,0.784,0.791,0.784,0.791
heisenberg,1.2645778025155154,0.004558518166458763,60.0,0.6313924594936123,0.7169876017330581,-0.0002955989094503374,-0.012074758238173989,-0.003941841136547791,-0.006957070082509616,0.41848562382469345,0.5109487851385262,0.4142481837786953,0.49191695681784253
ising,1.2645778025155154,8.665647058823561e-05,20.0,0.898,0.8996400000000001,-3.8092014552139324e-19,-6.219055028315628e-20,-3.8092014552139324e-19,-5.28725821232346e-20,0.7805,0.791,0.7805,0.791
heisenberg,1.336490193188254,0.0026205807831302945,60.0,0.647549542346473,0.7169876017330581,-0.0004939889061127818,-0.012074758238173989,-0.008096723876170962,-0.006957070082509616,0.4436461033694095,0.5109487851385262,0.4350553905871258,0.49191695681784253
ising,1.336490193188254,0.00017710352941176423,20.0,0.8959999999999999,0.8996400000000001,-1.5334147906152241e-34,-6.219055028315628e-20,5.315161761894911e-35,-5.28725821232346e-20,0.788,0.791,0.788,0.791
heisenberg,1.4124859608114548,0.001380528453727244,60.0,0.6722223510629627,0.7169876017330581,-0.0051653655427651175,-0.012074758238173989,-0.01616497257259568,-0.006957070082509616,0.4713361751809103,0.5109487851385262,0.45000583706554953,0.49191695681784253
ising,1.4124859608114548,0.00018717411764705884,20.0,0.8924,0.8996400000000001,-5.943869343768052e-35,-6.219055028315628e-20,-4.460480636344128e-35,-5.28725821232346e-20,0.7765,0.791,0.7765,0.791
heisenberg,1.4927972951665573,0.0024147249745591856,60.0,0.6567065257056154,0.7169876017330581,-0.008364698609700603,-0.012074758238173989,-0.02435979505252,-0.006957070082509616,0.4472504002277314,0.5109487851385262,0.4145259065655108,0.49191695681784253
ising,1.4927972951665573,6.500941176470491e-05,20.0,0.9016,0.8996400000000001,2.623546547383109e-35,-6.219055028315628e-20,-2.623546547383109e-35,-5.28725821232346e-20,0.7949999999999999,0.791,0.7949999999999999,0.791
heisenberg,1.577669571381064,0.002485173992362465,60.0,0.6516174797978117,0.7169876017330581,-0.007423430371628413,-0.012074758238173989,-0.021087910412866576,-0.006957070082509616,0.44328707087443203,0.5109487851385262,0.41477573008993707,0.49191695681784253
ising,1.577669571381064,0.000137244705882354,20.0,0.8931999999999999,0.8996400000000001,-4.701918129198794e-35,-6.219055028315628e-20,4.701918129198794e-35,-5.28725821232346e-20,0.7749999999999999,0.791,0.7749999999999999,0.791
heisenberg,1.667362099622907,0.0010041463102213692,60.0,0.6716944545301263,0.7169876017330581,-0.00511893642721643,-0.012074758238173989,-0.017654097598270645,-0.006957070082509616,0.47685531429725275,0.5109487851385262,0.45408228027176567,0.49191695681784253
ising,1.667362099622907,0.00022397411764705886,20.0,0.8924000000000001,0.8996400000000001,-9.433124364910236e-36,-6.219055028315628e-20,9.433124364910236e-36,-5.28725821232346e-20,0.776,0.791,0.776,0.791
heisenberg,1.7621489173704834,0.0010380625076545009,60.0,0.67252913098028,0.7169876017330581,-0.001973236286267366,-0.012074758238173989,-0.012148088017521838,-0.006957070082509616,0.4716330744486188,0.5109487851385262,0.4575117501448296,0.49191695681784253
ising,1.7621489173704834,0.0002796447058823523,20.0,0.9084,0.8996400000000001,5.457986569245911e-35,-6.219055028315628e-20,-5.457986569245911e-35,-5.28725821232346e-20,0.8055000000000001,0.791,0.8055000000000001,0.791
heisenberg,1.8623196266790718,0.0012730941814294927,60.0,0.6724438105326566,0.7169876017330581,-0.0019152693678206026,-0.012074758238173989,-0.013143745847016093,-0.006957070082509616,0.4626933464484108,0.5109487851385262,0.4476343312335741,0.49191695681784253
ising,1.8623196266790718,0.0001235035294117647,20.0,0.9052,0.8996400000000001,-3.240849268571222e-37,-6.219055028315628e-20,3.240849268571222e-37,-5.28725821232346e-20,0.8085,0.791,0.8085,0.791
heisenberg,1.9681802790016327,0.0006731804617461516,60.0,0.6870909469982387,0.7169876017330581,-0.0018541543351955215,-0.012074758238173989,-0.010634663403291219,-0.006957070082509616,0.47808626795941234,0.5109487851385262,0.4655974502209256,0.49191695681784253
ising,1.9681802790016327,7.823294117647041e-05,20.0,0.9008,0.8996400000000001,6.747764137438516e-20,-6.219055028315628e-20,6.747764137438503e-20,-5.28725821232346e-20,0.7895000000000001,0.791,0.7895000000000001,0.791
heisenberg,2.080054310267486,0.00016649947275205134,60.0,0.7068944462635939,0.7169876017330581,-0.009797968825600644,-0.012074758238173989,-0.005819345331704276,-0.006957070082509616,0.49991970750181425,0.5109487851385262,0.4843023933445093,0.49191695681784253
ising,2.080054310267486,0.00039748000000000046,20.0,0.9099999999999999,0.8996400000000001,-1.3120166212891726e-33,-6.219055028315628e-20,3.0315983921438788e-33,-5.28725821232346e-20,0.818,0.791,0.818,0.791
heisenberg,2.198283529075721,0.00020600855579698378,60.0,0.6994631555228585,0.7169876017330581,-0.011309659879570728,-0.012074758238173989,-0.006385187993823363,-0.006957070082509616,0.49227168308056507,0.5109487851385262,0.474576835207171,0.49191695681784253
ising,2.198283529075721,0.00014627999999999871,20.0,0.908,0.8996400000000001,5.726395874700782e-20,-6.219055028315628e-20,5.726395874700799e-20,-5.28725821232346e-20,0.8079999999999999,0.791,0.8079999999999999,0.791
heisenberg,2.3232291610226077,0.00020835103091109496,60.0,0.7248775430685936,0.7169876017330581,-0.009969750599365723,-0.012074758238173989,-0.008330665067695359,-0.006957070082509616,0.532875249461663,0.5109487851385262,0.5145748337946019,0.49191695681784253
ising,2.3232291610226077,2.802117647058844e-05,20.0,0.898,0.8996400000000001,-2.448237723814684e-35,-6.219055028315628e-20,2.448237723814684e-35,-5.28725821232346e-20,0.7895,0.791,0.7895,0.791
heisenberg,2.4552729523537717,0.00017253628476068754,60.0,0.718110991147297,0.7169876017330581,-0.010683502410017254,-0.012074758238173989,-0.007792468337064523,-0.006957070082509616,0.499907712026416,0.5109487851385262,0.4814317412793342,0.49191695681784253
ising,2.4552729523537717,0.00019950352941176507,20.0,0.8892,0.8996400000000001,1.9885920180474472e-35,-6.219055028315628e-20,-1.9885920180474472e-35,-5.28725821232346e-20,0.7695,0.791,0.7695,0.791
heisenberg,2.594818336313024,0.0006311176865821433,60.0,0.7245412700247836,0.7169876017330581,-0.0055723835324527835,-0.012074758238173989,-0.001986080910291206,-0.006957070082509616,0.49634271006424696,0.5109487851385262,0.48878424562150297,0.49191695681784253
ising,2.594818336313024,7.315058823529378e-05,20.0,0.8992000000000001,0.8996400000000001,-2.324037742721977e-35,-6.219055028315628e-20,8.922317393721486e-35,-5.28725821232346e-20,0.7875,0.791,0.7875,0.791
heisenberg,2.7422916657515284,0.0021530449348020836,60.0,0.7355999566100414,0.7169876017330581,-9.674555524853213e-08,-0.012074758238173989,1.1900136991898836e-08,-0.006957070082509616,0.5140001355920877,0.5109487851385262,0.5140000507466694,0.49191695681784253
ising,2.7422916657515284,0.00010077411764705853,20.0,0.9032,0.8996400000000001,3.7027004447257875e-35,-6.219055028315628e-20,-3.7027004447257875e-35,-5.28725821232346e-20,0.8,0.791,0.8,0.791
heisenberg,2.898143515763133,0.0013191645239334024,60.0,0.7282814445857887,0.7169876017330581,-0.005294603024945788,-0.012074758238173989,-0.0018924723429383295,-0.006957070082509616,0.4899725220533891,0.5109487851385262,0.482785446685505,0.49191695681784253
ising,2.898143515763133,0.00017108000000000054,20.0,0.8939999999999999,0.8996400000000001,-2.1907501429625466e-19,-6.219055028315628e-20,-2.1907501429625466e-19,-5.28725821232346e-20,0.788,0.791,0.788,0.791
heisenberg,3.062850060325979,0.00040117706349546226,60.0,0.7353571849266007,0.7169876017330581,-0.007407944198913668,-0.012074758238173989,-0.007218741862633685,-0.006957070082509616,0.5420871262900957,0.5109487851385262,0.5274604402285483,0.49191695681784253
ising,3.062850060325979,0.00023075058823529467,20.0,0.9039999999999999,0.8996400000000001,7.724394379937475e-20,-6.219055028315628e-20,7.724394379937466e-20,-5.28725821232346e-20,0.809,0.791,0.809,0.791
heisenberg,3.2369145271562694,5.8105528035335136e-05,60.0,0.7123346606622705,0.7169876017330581,-0.010798318674336973,-0.012074758238173989,-0.006694148707920641,-0.006957070082509616,0.5123510434368617,0.5109487851385262,0.49485857605460404,0.49191695681784253
ising,3.2369145271562694,0.0005768682352941164,20.0,0.8928,0.8996400000000001,-4.408226188445672e-22,-6.219055028315628e-20,-4.408226188446878e-22,-5.28725821232346e-20,0.7705,0.791,0.7705,0.791
heisenberg,3.420868735219366,5.94861959350648e-05,60.0,0.7146523900236023,0.7169876017330581,-0.00936186201037743,-0.012074758238173989,-0.006884596562475077,-0.006957070082509616,0.518203745941219,0.5109487851385262,0.5019572873683664,0.49191695681784253
ising,3.420868735219366,0.00018646823529411784,20.0,0.89,0.8996400000000001,-1.6424703518276437e-19,-6.219055028315628e-20,-1.6424703518276437e-19,-5.28725821232346e-20,0.7705,0.791,0.7705,0.791
heisenberg,3.6152747195956465,0.0006107905159540283,60.0,0.6841295175676709,0.7169876017330581,-0.0016235730732733632,-0.012074758238173989,-0.005333678655405297,-0.006957070082509616,0.48363075262779964,0.5109487851385262,0.47667350089912097,0.49191695681784253
ising,3.6152747195956465,5.413882352941165e-05,20.0,0.9,0.8996400000000001,1.5539083260171215e-19,-6.219055028315628e-20,1.55390832601712e-19,-5.28725821232346e-20,0.7975000000000001,0.791,0.7975000000000001,0.791
heisenberg,3.820726448665623,0.0007089111840887093,60.0,0.6819681318683768,0.7169876017330581,-0.009743308838688057,-0.012074758238173989,-0.01382124018307773,-0.006957070082509616,0.4867651930603928,0.5109487851385262,0.463200644038627,0.49191695681784253
ising,3.820726448665623,0.00020133882352941205,20.0,0.8968,0.8996400000000001,-4.971541744530111e-35,-6.219055028315628e-20,4.2984448276783447e-35,-5.28725821232346e-20,0.777,0.791,0.777,0.791
heisenberg,4.037851638860895,0.0013824142858689372,60.0,0.66919563894241,0.7169876017330581,-0.002315621997604492,-0.012074758238173989,-0.015883363531152512,-0.006957070082509616,0.4675911721502983,0.5109487851385262,0.4493921866215413,0.49191695681784253
ising,4.037851638860895,0.00010077411764705703,20.0,0.9044000000000001,0.8996400000000001,-1.3179348754634759e-21,-6.219055028315628e-20,-1.3179348754635722e-21,-5.28725821232346e-20,0.7950000000000002,0.791,0.7950000000000002,0.791
heisenberg,4.267313672525386,0.002981552010420076,60.0,0.6448217457997586,0.7169876017330581,-6.0225914737210186e-05,-0.012074758238173989,-0.0007920396811762451,-0.006957070082509616,0.4410011443554398,0.5109487851385262,0.44014887875952635,0.49191695681784253
ising,4.267313672525386,0.0001552211764705876,20.0,0.906,0.8996400000000001,9.206592411740877e-20,-6.219055028315628e-20,9.206592411740888e-20,-5.28725821232346e-20,0.8045,0.791,0.8045,0.791
heisenberg,4.509813624746718,0.0020320088402463353,60.0,0.6589298625480999,0.7169876017330581,-0.0007420132832993425,-0.012074758238173989,-0.011032584323887127,-0.006957070082509616,0.4508743514180589,0.5109487851385262,0.43909975381087246,0.49191695681784253
ising,4.509813624746718,0.00011051529411764782,20.0,0.8947999999999998,0.8996400000000001,8.028529848849708e-36,-6.219055028315628e-20,-3.9305665442915464e-36,-5.28725821232346e-20,0.788,0.791,0.788,0.791
heisenberg,4.766092405350053,0.0005321154443018805,60.0,0.6827427988593542,0.7169876017330581,-0.007528210213822336,-0.012074758238173989,-0.01597130879470867,-0.006957070082509616,0.491280314676378,0.5109487851385262,0.467780795667847,0.49191695681784253
ising,4.766092405350053,0.00012138588235294124,20.0,0.8996000000000001,0.8996400000000001,5.15601398529731e-35,-6.219055028315628e-20,-5.15601398529731e-35,-5.28725821232346e-20,0.796,0.791,0.796,0.791
heisenberg,5.036933022599099,0.00021027613190508662,60.0,0.6992758728527387,0.7169876017330581,0.0002909710656490744,-0.012074758238173989,-0.010954208368587327,-0.006957070082509616,0.49865666574629736,0.5109487851385262,0.4879934284433591,0.49191695681784253
ising,5.036933022599099,0.00021423294117646816,20.0,0.8924000000000001,0.8996400000000001,-6.064410659498146e-35,-6.219055028315628e-20,6.064410659498146e-35,-5.28725821232346e-20,0.7775000000000002,0.791,0.7775000000000002,0.791
heisenberg,5.32316297552029,0.0001283742825401776,60.0,0.7115097833709895,0.7169876017330581,-0.009027943939337865,-0.012074758238173989,-0.0058517492305157435,-0.006957070082509616,0.5056729030441813,0.5109487851385262,0.49079320987432773,0.49191695681784253
ising,5.32316297552029,9.588000000000038e-05,20.0,0.8976,0.8996400000000001,-7.634119881653505e-36,-6.219055028315628e-20,7.634119881653505e-36,-5.28725821232346e-20,0.7835,0.791,0.7835,0.791
heisenberg,5.625656782159669,0.0005194019224027909,60.0,0.7368468155821178,0.7169876017330581,-0.007243905851923231,-0.012074758238173989,-0.0028438559525840465,-0.006957070082509616,0.5228407036176406,0.5109487851385262,0.5127529418131332,0.49191695681784253
ising,5.625656782159669,2.971529411764671e-05,20.0,0.8956,0.8996400000000001,-1.4231559516751968e-19,-6.219055028315628e-20,-1.4231559516751973e-19,-5.28725821232346e-20,0.7845000000000001,0.791,0.7845000000000001,0.791
heisenberg,5.945338651496844,0.002256608535893087,60.0,0.7089263914594813,0.7169876017330581,-0.000992213602646729,-0.012074758238173989,-0.00027662231361403754,-0.006957070082509616,0.46839334346023154,0.5109487851385262,0.4671245075439708,0.49191695681784253
ising,5.945338651496844,2.1997647058823504e-05,20.0,0.9012,0.8996400000000001,5.241993428713416e-35,-6.219055028315628e-20,-5.241993428713416e-35,-5.28725821232346e-20,0.7885000000000001,0.791,0.7885000000000001,0.791
heisenberg,6.283185307179589,7.652510728201215e-05,60.0,0.7240485470076524,0.7169876017330581,-0.01193037424279482,-0.012074758238173989,-0.00807708030256597,-0.006957070082509616,0.5182653214876998,0.5109487851385262,0.498257866942339,0.49191695681784253
ising,6.283185307179589,0.0004363976470588229,20.0,0.8984,0.8996400000000001,1.4374198115829543e-19,-6.219055028315628e-20,1.4374198115829536e-19,-5.28725821232346e-20,0.7875,0.791,0.7875,0.791
