mode,model,delta,loss_mse_vs_ref,n_shifted_gates
xx,heisenberg,-6.283185307179589,0.0004190704222585527,20.0
xx,ising,-6.283185307179589,0.0001727576470588233,0.0
xx,heisenberg,-5.945338651496838,0.15146677421780863,20.0
xx,ising,-5.945338651496838,0.00011035764705882375,0.0
xx,heisenberg,-5.625656782159669,0.189645442979292,20.0
xx,ising,-5.625656782159669,7.638117647058806e-05,0.0
xx,heisenberg,-5.323162975520285,0.024375340901445434,20.0
xx,ising,-5.323162975520285,0.00023294588235294182,0.0
xx,heisenberg,-5.03693302259909,0.15318629600835296,20.0
xx,ising,-5.03693302259909,0.0001721929411764705,0.0
xx,heisenberg,-4.766092405350053,0.3107799532941181,20.0
xx,ising,-4.766092405350053,0.0005931811764705887,0.0
xx,heisenberg,-4.509813624746714,0.2532681379437394,20.0
xx,ising,-4.509813624746714,7.52517647058826e-05,0.0
xx,heisenberg,-4.267313672525386,0.13683202811481318,20.0
xx,ising,-4.267313672525386,6.856941176470599e-05,0.0
xx,heisenberg,-4.037851638860891,0.08640236131936285,20.0
xx,ising,-4.037851638860891,0.0003344047058823537,0.0
xx,heisenberg,-3.820726448665623,0.32736614849487666,20.0
xx,ising,-3.820726448665623,0.0001824517647058827,0.0
xx,heisenberg,-3.615274719595643,0.4330537685023832,20.0
xx,ising,-3.615274719595643,0.00011986352941176458,0.0
xx,heisenberg,-3.420868735219366,0.3808394559059656,20.0
xx,ising,-3.420868735219366,0.00020259294117647104,0.0
xx,heisenberg,-3.2369145271562667,0.30281875992609286,20.0
xx,ising,-3.2369145271562667,0.00015666352941176448,0.0
xx,heisenberg,-3.0628500603259736,0.22783974754711653,20.0
xx,ising,-3.0628500603259736,8.513411764705875e-05,0.0
xx,heisenberg,-2.898143515763133,0.1325480621011844,20.0
xx,ising,-2.898143515763133,0.0001912047058823531,0.0
xx,heisenberg,-2.7422916657515257,0.07576578031825226,20.0
xx,ising,-2.7422916657515257,0.00011303999999999999,0.0
xx,heisenberg,-2.594818336313024,0.14228955188824774,20.0
xx,ising,-2.594818336313024,0.0001087105882352945,0.0
xx,heisenberg,-2.4552729523537695,0.28788417907655894,20.0
xx,ising,-2.4552729523537695,8.795764705882331e-05,0.0
xx,heisenberg,-2.3232291610226077,0.358782082153489,20.0
xx,ising,-2.3232291610226077,0.0001541694117647056,0.0
xx,heisenberg,-2.1982835290757192,0.32178216143859256,20.0
xx,ising,-2.1982835290757192,0.00019878117647058818,0.0
xx,heisenberg,-2.080054310267486,0.2804753350100918,20.0
xx,ising,-2.080054310267486,0.00027666352941176444,0.0
xx,heisenberg,-1.9681802790016327,0.2577994893161274,20.0
xx,ising,-1.9681802790016327,0.00011101647058823557,0.0
xx,heisenberg,-1.8623196266790687,0.2198961535085073,20.0
xx,ising,-1.8623196266790687,5.694588235294137e-05,0.0
xx,heisenberg,-1.7621489173704834,0.16899729122549906,20.0
xx,ising,-1.7621489173704834,6.343999999999993e-05,0.0
xx,heisenberg,-1.6673620996229055,0.11617208753239719,20.0
xx,ising,-1.6673620996229055,0.0001584047058823528,0.0
xx,heisenberg,-1.577669571381064,0.09039277861796874,20.0
xx,ising,-1.577669571381064,0.00023355764705882318,0.0
xx,heisenberg,-1.492797295166556,0.09562401032725469,20.0
xx,ising,-1.492797295166556,0.00010668705882352964,0.0
xx,heisenberg,-1.4124859608114548,0.14532247494124634,20.0
xx,ising,-1.4124859608114548,0.00024061647058823573,0.0
xx,heisenberg,-1.336490193188253,0.22689443040893195,20.0
xx,ising,-1.336490193188253,0.0001492282352941179,0.0
xx,heisenberg,-1.2645778025155159,0.2916529513308931,20.0
xx,ising,-1.2645778025155159,0.00014033411764705875,0.0
xx,heisenberg,-1.1965290749487103,0.30615845608518527,20.0
xx,ising,-1.1965290749487103,4.348705882352942e-05,0.0
xx,heisenberg,-1.132136101288749,0.27207274441647883,20.0
xx,ising,-1.132136101288749,0.00014969882352941185,0.0
xx,heisenberg,-1.0712021417572508,0.21532755973456835,20.0
xx,ising,-1.0712021417572508,0.00011224000000000023,0.0
xx,heisenberg,-1.013541024897726,0.16791455897341395,20.0
xx,ising,-1.013541024897726,0.0003196282352941177,0.0
xx,heisenberg,-0.9589765787661355,0.13016500003619264,20.0
xx,ising,-0.9589765787661355,0.00010278117647058813,0.0
xx,heisenberg,-0.9073420926729556,0.11417613212156363,20.0
xx,ising,-0.9073420926729556,6.23105882352942e-05,0.0
xx,heisenberg,-0.8584798078321985,0.11520970734894316,20.0
xx,ising,-0.8584798078321985,0.0005076752941176469,0.0
xx,heisenberg,-0.8122404353611755,0.1278326466695539,20.0
xx,ising,-0.8122404353611755,6.240470588235277e-05,0.0
xx,heisenberg,-0.7684827001583442,0.17372452843123617,20.0
xx,ising,-0.7684827001583442,0.00015784000000000035,0.0
xx,heisenberg,-0.7270729092656553,0.2162398570535752,20.0
xx,ising,-0.7270729092656553,4.391058823529421e-05,0.0
xx,heisenberg,-0.68788454339661,0.2554784445957674,20.0
xx,ising,-0.68788454339661,0.0003194400000000007,0.0
xx,heisenberg,-0.6507978703820303,0.2838210533217278,20.0
xx,ising,-0.6507978703820303,0.00012311058823529417,0.0
xx,heisenberg,-0.6156995793524987,0.29686674826086884,20.0
xx,ising,-0.6156995793524987,2.169882352941189e-05,0.0
xx,heisenberg,-0.5824824345397914,0.3217808614249185,20.0
xx,ising,-0.5824824345397914,0.00011689882352941148,0.0
xx,heisenberg,-0.5510449476395575,0.3209809362114897,20.0
xx,ising,-0.5510449476395575,9.426352941176494e-05,0.0
xx,heisenberg,-0.5212910677342194,0.31199305730231397,20.0
xx,ising,-0.5212910677342194,0.00015271058823529413,0.0
xx,heisenberg,-0.49312988782871514,0.3028226346938355,20.0
xx,ising,-0.49312988782871514,8.824000000000008e-05,0.0
xx,heisenberg,-0.4664753671024611,0.28421654413912756,20.0
xx,ising,-0.4664753671024611,0.00019369882352941197,0.0
xx,heisenberg,-0.4412460680289316,0.2637232813988877,20.0
xx,ising,-0.4412460680289316,1.9534117647058758e-05,0.0
xx,heisenberg,-0.41736490755967726,0.2436668632628636,20.0
xx,ising,-0.41736490755967726,9.576941176470646e-05,0.0
xx,heisenberg,-0.3947589216125771,0.2251319982661781,20.0
xx,ising,-0.3947589216125771,0.00032433411764705927,0.0
xx,heisenberg,-0.37335904214476,0.20247613593687386,20.0
xx,ising,-0.37335904214476,0.00011421647058823527,0.0
xx,heisenberg,-0.35309988612909526,0.17571693673444463,20.0
xx,ising,-0.35309988612909526,0.00013336941176470595,0.0
xx,heisenberg,-0.3339195557895036,0.1612822363917976,20.0
xx,ising,-0.3339195557895036,9.892235294117637e-05,0.0
xx,heisenberg,-0.3157594494847533,0.14370039186898736,20.0
xx,ising,-0.3157594494847533,7.736941176470577e-05,0.0
xx,heisenberg,-0.2985640826629329,0.12318960719961529,20.0
xx,ising,-0.2985640826629329,0.00016814588235294166,0.0
xx,heisenberg,-0.2822809183395641,0.10827778206801254,20.0
xx,ising,-0.2822809183395641,0.0006000988235294114,0.0
xx,heisenberg,-0.26686020658141324,0.0952652768713057,20.0
xx,ising,-0.26686020658141324,0.0005627811764705893,0.0
xx,heisenberg,-0.25225483250557745,0.08016087263032011,20.0
xx,ising,-0.25225483250557745,1.1440000000000167e-05,0.0
xx,heisenberg,-0.2384201723294368,0.0712648666476929,20.0
xx,ising,-0.2384201723294368,2.7110588235294167e-05,0.0
xx,heisenberg,-0.22531395703166326,0.058485911862575624,20.0
xx,ising,-0.22531395703166326,6.616941176470581e-05,0.0
xx,heisenberg,-0.21289614320772793,0.050531518586318075,20.0
xx,ising,-0.21289614320772793,8.645176470588262e-05,0.0
xx,heisenberg,-0.2011287907253334,0.04549545920593697,20.0
xx,ising,-0.2011287907253334,0.00016965176470588257,0.0
xx,heisenberg,-0.18997594680597096,0.03543330209083851,20.0
xx,ising,-0.18997594680597096,0.00022056941176470618,0.0
xx,heisenberg,-0.17940353617843807,0.029514784558721266,20.0
xx,ising,-0.17940353617843807,0.00046692235294117703,0.0
xx,heisenberg,-0.1693792569687013,0.027097334710931457,20.0
xx,ising,-0.1693792569687013,0.00015864000000000055,0.0
xx,heisenberg,-0.15987248200801774,0.021476071476912488,20.0
xx,ising,-0.15987248200801774,0.00010320470588235361,0.0
xx,heisenberg,-0.15085416525778153,0.017960758303144336,20.0
xx,ising,-0.15085416525778153,9.35576470588236e-05,0.0
xx,heisenberg,-0.14229675306519543,0.014054648862510587,20.0
xx,ising,-0.14229675306519543,0.0002508752941176468,0.0
xx,heisenberg,-0.13417409997862736,0.012991204661106176,20.0
xx,ising,-0.13417409997862736,0.0002660282352941185,0.0
xx,heisenberg,-0.1264613888654419,0.010114737697910853,20.0
xx,ising,-0.1264613888654419,8.485176470588227e-05,0.0
xx,heisenberg,-0.11913505508824354,0.008070467375093262,20.0
xx,ising,-0.11913505508824354,4.692235294117641e-05,0.0
xx,heisenberg,-0.11217271450786699,0.005606309879340864,20.0
xx,ising,-0.11217271450786699,3.049882352941174e-05,0.0
xx,heisenberg,-0.10555309509314288,0.006166144774222161,20.0
xx,ising,-0.10555309509314288,0.00021148705882352982,0.0
xx,heisenberg,-0.09925597192848501,0.004976684905548414,20.0
xx,ising,-0.09925597192848501,0.00022165176470588283,0.0
xx,heisenberg,-0.09326210542072925,0.003573832940717194,20.0
xx,ising,-0.09326210542072925,0.00014729882352941195,0.0
xx,heisenberg,-0.08755318251642662,0.0031774402412096192,20.0
xx,ising,-0.08755318251642662,5.4875294117647215e-05,0.0
xx,heisenberg,-0.08211176074999206,0.0022423620789967327,20.0
xx,ising,-0.08211176074999206,6.038117647058825e-05,0.0
xx,heisenberg,-0.07692121495175952,0.002014816310821569,20.0
xx,ising,-0.07692121495175952,0.00011609882352941203,0.0
xx,heisenberg,-0.07196568645312007,0.0022109415378759943,20.0
xx,ising,-0.07196568645312007,8.273411764705861e-05,0.0
xx,heisenberg,-0.06723003463355003,0.0011313524244694671,20.0
xx,ising,-0.06723003463355003,0.0002640517647058824,0.0
xx,heisenberg,-0.06269979066149038,0.0013040041814209912,20.0
xx,ising,-0.06269979066149038,0.00018367529411764742,0.0
xx,heisenberg,-0.058361113287742565,0.0009144889267153171,20.0
xx,ising,-0.058361113287742565,0.00023129882352941212,0.0
xx,heisenberg,-0.05420074655631531,0.00106603314235589,20.0
xx,ising,-0.05420074655631531,0.00011402823529411752,0.0
xx,heisenberg,-0.05020597930351803,0.0006155222788975216,20.0
xx,ising,-0.05020597930351803,5.41694117647059e-05,0.0
xx,heisenberg,-0.04636460632155667,0.0005809135791318557,20.0
xx,ising,-0.04636460632155667,0.00023153411764705885,0.0
xx,heisenberg,-0.04266489106797654,0.000618270843524372,20.0
xx,ising,-0.04266489106797654,0.00021228705882352986,0.0
xx,heisenberg,-0.03909552980701752,0.000393413058202258,20.0
xx,ising,-0.03909552980701752,0.00021459294117647066,0.0
xx,heisenberg,-0.0356456170733233,0.000519504401937299,20.0
xx,ising,-0.0356456170733233,5.50635294117646e-05,0.0
xx,heisenberg,-0.03230461235248556,0.0013774509833377625,20.0
xx,ising,-0.03230461235248556,9.765176470588255e-05,0.0
xx,heisenberg,-0.029062307876622468,0.000308516056343184,20.0
xx,ising,-0.029062307876622468,0.00013845176470588254,0.0
xx,heisenberg,-0.025908797436597037,0.00029043074390801293,20.0
xx,ising,-0.025908797436597037,9.60517647058824e-05,0.0
xx,heisenberg,-0.022834446115588027,0.0003064027295299134,20.0
xx,ising,-0.022834446115588027,0.0001302164705882353,0.0
xx,heisenberg,-0.019829860851539437,0.0002536564840501848,20.0
xx,ising,-0.019829860851539437,0.0001420282352941181,0.0
xx,heisenberg,-0.01688586173854889,0.00016639044263370772,20.0
xx,ising,-0.01688586173854889,0.0002192988235294117,0.0
xx,heisenberg,-0.01399345397951167,0.00030445040115985485,20.0
xx,ising,-0.01399345397951167,0.00047633411764705933,0.0
xx,heisenberg,-0.01114380040432747,0.0002981916007638787,20.0
xx,ising,-0.01114380040432747,5.2992941176470456e-05,0.0
xx,heisenberg,-0.008328194469704743,0.00017552233245958602,20.0
xx,ising,-0.008328194469704743,0.00018372235294117662,0.0
xx,heisenberg,-0.005538033658069007,5.272958626463677e-05,20.0
xx,ising,-0.005538033658069007,0.00020216941176470535,0.0
xx,heisenberg,-0.0027647931943008217,0.00011574588847187674,20.0
xx,ising,-0.0027647931943008217,0.00015901647058823504,0.0
xx,heisenberg,0.0,2.3626100834097508e-05,20.0
xx,ising,0.0,0.00020616941176470626,0.0
xx,heisenberg,0.0027647931943008217,0.00014777406818144143,20.0
xx,ising,0.0027647931943008217,5.6475294117647226e-05,0.0
xx,heisenberg,0.005538033658069052,0.00019777800027270662,20.0
xx,ising,0.005538033658069052,4.4757647058823696e-05,0.0
xx,heisenberg,0.00832819446970479,0.00033214143582547124,20.0
xx,ising,0.00832819446970479,0.0005071576470588241,0.0
xx,heisenberg,0.011143800404327516,0.00013589566969336527,20.0
xx,ising,0.011143800404327516,9.054588235294057e-05,0.0
xx,heisenberg,0.013993453979511718,0.00018859108707884083,20.0
xx,ising,0.013993453979511718,8.419294117647027e-05,0.0
xx,heisenberg,0.016885861738548936,0.0002427029956444689,20.0
xx,ising,0.016885861738548936,4.7251764705882505e-05,0.0
xx,heisenberg,0.019829860851539437,0.0001208233549324529,20.0
xx,ising,0.019829860851539437,0.00016588705882352917,0.0
xx,heisenberg,0.022834446115588027,0.0004830108853027081,20.0
xx,ising,0.022834446115588027,4.1228235294117705e-05,0.0
xx,heisenberg,0.025908797436597037,0.00023863295235695888,20.0
xx,ising,0.025908797436597037,0.00039031058823529397,0.0
xx,heisenberg,0.029062307876622468,0.00033198998540423275,20.0
xx,ising,0.029062307876622468,0.00016047529411764748,0.0
xx,heisenberg,0.03230461235248561,0.00025258626408739075,20.0
xx,ising,0.03230461235248561,0.00012499294117647073,0.0
xx,heisenberg,0.03564561707332336,0.00020235374798831783,20.0
xx,ising,0.03564561707332336,5.0498823529411985e-05,0.0
xx,heisenberg,0.03909552980701758,0.0005177998069785566,20.0
xx,ising,0.03909552980701758,0.0001080517647058822,0.0
xx,heisenberg,0.04266489106797659,0.00082346041432072,20.0
xx,ising,0.04266489106797659,0.00010367529411764708,0.0
xx,heisenberg,0.046364606321556735,0.00033560144505437924,20.0
xx,ising,0.046364606321556735,0.0002451341176470591,0.0
xx,heisenberg,0.05020597930351803,0.00045605625952588406,20.0
xx,ising,0.05020597930351803,0.00021252235294117686,0.0
xx,heisenberg,0.05420074655631531,0.0004099648305634231,20.0
xx,ising,0.05420074655631531,0.00017280470588235323,0.0
xx,heisenberg,0.058361113287742565,0.0009260340054229874,20.0
xx,ising,0.058361113287742565,7.93458823529413e-05,0.0
xx,heisenberg,0.06269979066149045,0.0010291935972938967,20.0
xx,ising,0.06269979066149045,0.00018395764705882335,0.0
xx,heisenberg,0.0672300346335501,0.0007608129550583661,20.0
xx,ising,0.0672300346335501,9.779294117647083e-05,0.0
xx,heisenberg,0.07196568645312015,0.0011504679563272423,20.0
xx,ising,0.07196568645312015,0.0001879105882352939,0.0
xx,heisenberg,0.0769212149517596,0.001028405877358153,20.0
xx,ising,0.0769212149517596,0.00010028705882352942,0.0
xx,heisenberg,0.08211176074999216,0.0015762730849929816,20.0
xx,ising,0.08211176074999216,0.0001216047058823531,0.0
xx,heisenberg,0.08755318251642662,0.001708071437950322,20.0
xx,ising,0.08755318251642662,3.4028235294117706e-05,0.0
xx,heisenberg,0.09326210542072925,0.001974159388261361,20.0
xx,ising,0.09326210542072925,0.0004324282352941171,0.0
xx,heisenberg,0.09925597192848501,0.0032548896613065247,20.0
xx,ising,0.09925597192848501,6.019294117647073e-05,0.0
xx,heisenberg,0.10555309509314288,0.0026610436755548487,20.0
xx,ising,0.10555309509314288,0.0001552047058823533,0.0
xx,heisenberg,0.11217271450786703,0.003260492590496017,20.0
xx,ising,0.11217271450786703,0.00012838117647058863,0.0
xx,heisenberg,0.11913505508824361,0.00472614931092659,20.0
xx,ising,0.11913505508824361,0.00026645176470588224,0.0
xx,heisenberg,0.12646138886544203,0.005712122640384346,20.0
xx,ising,0.12646138886544203,0.0007649458823529413,0.0
xx,heisenberg,0.1341740999786275,0.00823997383934501,20.0
xx,ising,0.1341740999786275,2.2592941176470584e-05,0.0
xx,heisenberg,0.1422967530651956,0.00985823047949023,20.0
xx,ising,0.1422967530651956,3.271058823529424e-05,0.0
xx,heisenberg,0.15085416525778153,0.012256631570746928,20.0
xx,ising,0.15085416525778153,7.689882352941183e-05,0.0
xx,heisenberg,0.1598724820080178,0.013678390102141221,20.0
xx,ising,0.1598724820080178,0.00011619294117647079,0.0
xx,heisenberg,0.16937925696870137,0.015114559175752424,20.0
xx,ising,0.16937925696870137,0.00013148705882352972,0.0
xx,heisenberg,0.17940353617843813,0.019004314268646155,20.0
xx,ising,0.17940353617843813,8.918117647058837e-05,0.0
xx,heisenberg,0.18997594680597105,0.02298775355490143,20.0
xx,ising,0.18997594680597105,3.6616470588235375e-05,0.0
xx,heisenberg,0.20112879072533352,0.03232972350784373,20.0
xx,ising,0.20112879072533352,0.00035214588235294136,0.0
xx,heisenberg,0.2128961432077281,0.038248848059823794,20.0
xx,ising,0.2128961432077281,0.00021374588235294125,0.0
xx,heisenberg,0.22531395703166346,0.0424105297943264,20.0
xx,ising,0.22531395703166346,0.0001053223529411763,0.0
xx,heisenberg,0.2384201723294368,0.05515318370672079,20.0
xx,ising,0.2384201723294368,0.00014842823529411818,0.0
xx,heisenberg,0.25225483250557745,0.06476199466059916,20.0
xx,ising,0.25225483250557745,0.00026334588235294197,0.0
xx,heisenberg,0.26686020658141335,0.07783259075598857,20.0
xx,ising,0.26686020658141335,8.598117647058817e-05,0.0
xx,heisenberg,0.2822809183395642,0.09383371425359718,20.0
xx,ising,0.2822809183395642,0.00020042823529411777,0.0
xx,heisenberg,0.298564082662933,0.1092094058255721,20.0
xx,ising,0.298564082662933,9.256941176470617e-05,0.0
xx,heisenberg,0.31575944948475315,0.12852560720828782,20.0
xx,ising,0.31575944948475315,7.11576470588236e-05,0.0
xx,heisenberg,0.3339195557895039,0.148743274528187,20.0
xx,ising,0.3339195557895039,0.00022974588235294164,0.0
xx,heisenberg,0.35309988612909526,0.16802119354839137,20.0
xx,ising,0.35309988612909526,0.00014325176470588239,0.0
xx,heisenberg,0.37335904214476034,0.19620431616770964,20.0
xx,ising,0.37335904214476034,0.00011129882352941169,0.0
xx,heisenberg,0.3947589216125771,0.21040557685382746,20.0
xx,ising,0.3947589216125771,9.308705882352942e-05,0.0
xx,heisenberg,0.4173649075596779,0.23623977947924465,20.0
xx,ising,0.4173649075596779,0.00018099294117647111,0.0
xx,heisenberg,0.4412460680289318,0.2607712422768991,20.0
xx,ising,0.4412460680289318,5.482823529411775e-05,0.0
xx,heisenberg,0.46647536710246174,0.27176961662313137,20.0
xx,ising,0.46647536710246174,0.00027760470588235336,0.0
xx,heisenberg,0.49312988782871536,0.27042410770431813,20.0
xx,ising,0.49312988782871536,0.00022080470588235355,0.0
xx,heisenberg,0.5212910677342192,0.2705155369308717,20.0
xx,ising,0.5212910677342192,0.00021256941176470625,0.0
xx,heisenberg,0.5510449476395579,0.2643725329935122,20.0
xx,ising,0.5510449476395579,9.125176470588212e-05,0.0
xx,heisenberg,0.5824824345397914,0.24920603843735525,20.0
xx,ising,0.5824824345397914,2.5463529411764654e-05,0.0
xx,heisenberg,0.6156995793524993,0.2287068032726295,20.0
xx,ising,0.6156995793524993,0.00035289882352941283,0.0
xx,heisenberg,0.6507978703820303,0.1966140883038654,20.0
xx,ising,0.6507978703820303,0.0001977929411764708,0.0
xx,heisenberg,0.687884543396611,0.16611724472927542,20.0
xx,ising,0.687884543396611,0.00010127529411764729,0.0
xx,heisenberg,0.7270729092656556,0.12749925614404636,20.0
xx,ising,0.7270729092656556,0.0001469223529411766,0.0
xx,heisenberg,0.7684827001583452,0.09485254699662743,20.0
xx,ising,0.7684827001583452,0.0006270635294117661,0.0
xx,heisenberg,0.8122404353611758,0.06472403673024414,20.0
xx,ising,0.8122404353611758,5.6945882352941164e-05,0.0
xx,heisenberg,0.8584798078321985,0.040047194091041995,20.0
xx,ising,0.8584798078321985,6.880470588235323e-05,0.0
xx,heisenberg,0.9073420926729565,0.02985704648253237,20.0
xx,ising,0.9073420926729565,0.00038381647058823525,0.0
xx,heisenberg,0.9589765787661355,0.02151056207661726,20.0
xx,ising,0.9589765787661355,0.00013129882352941162,0.0
xx,heisenberg,1.0135410248977268,0.029478224616646516,20.0
xx,ising,1.0135410248977268,7.873411764705895e-05,0.0
xx,heisenberg,1.0712021417572508,0.045472946444679245,20.0
xx,ising,1.0712021417572508,0.00017986352941176472,0.0
xx,heisenberg,1.1321361012887499,0.06879054416777033,20.0
xx,ising,1.1321361012887499,9.633411764705889e-05,0.0
xx,heisenberg,1.1965290749487107,0.1087009440876914,20.0
xx,ising,1.1965290749487107,6.946352941176459e-05,0.0
xx,heisenberg,1.2645778025155154,0.17228205674417993,20.0
xx,ising,1.2645778025155154,0.0005123811764705893,0.0
xx,heisenberg,1.336490193188254,0.2357122520665436,20.0
xx,ising,1.336490193188254,0.0001280517647058823,0.0
xx,heisenberg,1.4124859608114548,0.2830376832073168,20.0
xx,ising,1.4124859608114548,0.00016226352941176486,0.0
xx,heisenberg,1.4927972951665573,0.3132098823237851,20.0
xx,ising,1.4927972951665573,0.0003090400000000005,0.0
xx,heisenberg,1.577669571381064,0.31159790905689666,20.0
xx,ising,1.577669571381064,3.101647058823514e-05,0.0
xx,heisenberg,1.667362099622907,0.27332717986633115,20.0
xx,ising,1.667362099622907,0.00014245176470588285,0.0
xx,heisenberg,1.7621489173704834,0.24904864942899582,20.0
xx,ising,1.7621489173704834,0.00019633411764705935,0.0
xx,heisenberg,1.8623196266790718,0.22485435502037332,20.0
xx,ising,1.8623196266790718,0.00015534588235294086,0.0
xx,heisenberg,1.9681802790016327,0.17986733475097644,20.0
xx,ising,1.9681802790016327,0.0001317694117647059,0.0
xx,heisenberg,2.080054310267486,0.08409502831075732,20.0
xx,ising,2.080054310267486,0.00010993411764705888,0.0
xx,heisenberg,2.198283529075721,0.059797496566190975,20.0
xx,ising,2.198283529075721,0.00018264000000000051,0.0
xx,heisenberg,2.3232291610226077,0.17942594972901058,20.0
xx,ising,2.3232291610226077,0.00013501647058823565,0.0
xx,heisenberg,2.4552729523537717,0.3306500468785575,20.0
xx,ising,2.4552729523537717,0.00019962823529411756,0.0
xx,heisenberg,2.594818336313024,0.40395851026009355,20.0
xx,ising,2.594818336313024,0.0002386400000000005,0.0
xx,heisenberg,2.7422916657515284,0.4299276894010137,20.0
xx,ising,2.7422916657515284,5.9157647058823714e-05,0.0
xx,heisenberg,2.898143515763133,0.36490976490055865,20.0
xx,ising,2.898143515763133,0.00012268705882352953,0.0
xx,heisenberg,3.062850060325979,0.3058320283985051,20.0
xx,ising,3.062850060325979,0.0005197223529411776,0.0
xx,heisenberg,3.2369145271562694,0.2262133356419108,20.0
xx,ising,3.2369145271562694,0.00016428705882352967,0.0
xx,heisenberg,3.420868735219366,0.11528214033464687,20.0
xx,ising,3.420868735219366,0.00019346352941176508,0.0
xx,heisenberg,3.6152747195956465,0.09513953275506863,20.0
xx,ising,3.6152747195956465,0.0004170400000000005,0.0
xx,heisenberg,3.820726448665623,0.28491534291087506,20.0
xx,ising,3.820726448665623,0.0004068282352941185,0.0
xx,heisenberg,4.037851638860895,0.3450585722457088,20.0
xx,ising,4.037851638860895,8.979294117647092e-05,0.0
xx,heisenberg,4.267313672525386,0.2730725436790322,20.0
xx,ising,4.267313672525386,0.0002483341176470592,0.0
xx,heisenberg,4.509813624746718,0.17699195822227629,20.0
xx,ising,4.509813624746718,0.00010546352941176451,0.0
xx,heisenberg,4.766092405350053,0.09062594562093235,20.0
xx,ising,4.766092405350053,5.44047058823529e-05,0.0
xx,heisenberg,5.036933022599099,0.31218385498855244,20.0
xx,ising,5.036933022599099,0.0002127576470588236,0.0
xx,heisenberg,5.32316297552029,0.13407267153356034,20.0
xx,ising,5.32316297552029,0.00020800470588235262,0.0
xx,heisenberg,5.625656782159669,0.27563096631917605,20.0
xx,ising,5.625656782159669,7.675764705882334e-05,0.0
xx,heisenberg,5.945338651496844,0.16395968255599255,20.0
xx,ising,5.945338651496844,0.0003979811764705887,0.0
xx,heisenberg,6.283185307179589,0.00016163082106280784,20.0
xx,ising,6.283185307179589,8.866352941176488e-05,0.0
yy,heisenberg,-6.283185307179589,0.00022764341805688135,20.0
yy,ising,-6.283185307179589,0.00010734588235294164,0.0
yy,heisenberg,-5.945338651496838,0.14438595968796952,20.0
yy,ising,-5.945338651496838,0.0001368517647058822,0.0
yy,heisenberg,-5.625656782159669,0.1868424971916505,20.0
yy,ising,-5.625656782159669,0.0002108282352941178,0.0
yy,heisenberg,-5.323162975520285,0.020828096507105705,20.0
yy,ising,-5.323162975520285,0.00010207529411764753,0.0
yy,heisenberg,-5.03693302259909,0.1661154673925198,20.0
yy,ising,-5.03693302259909,7.341647058823514e-05,0.0
yy,heisenberg,-4.766092405350053,0.3121589312650342,20.0
yy,ising,-4.766092405350053,0.00021675764705882342,0.0
yy,heisenberg,-4.509813624746714,0.24372516375286105,20.0
yy,ising,-4.509813624746714,0.0002649929411764712,0.0
yy,heisenberg,-4.267313672525386,0.13111800720359862,20.0
yy,ising,-4.267313672525386,0.00015882823529411784,0.0
yy,heisenberg,-4.037851638860891,0.0850940026210651,20.0
yy,ising,-4.037851638860891,5.2240000000000015e-05,0.0
yy,heisenberg,-3.820726448665623,0.33727074718414857,20.0
yy,ising,-3.820726448665623,6.739294117647089e-05,0.0
yy,heisenberg,-3.615274719595643,0.424616833265483,20.0
yy,ising,-3.615274719595643,0.0004117223529411776,0.0
yy,heisenberg,-3.420868735219366,0.3798083399490317,20.0
yy,ising,-3.420868735219366,0.00022772235294117656,0.0
yy,heisenberg,-3.2369145271562667,0.3096352507383721,20.0
yy,ising,-3.2369145271562667,0.00013986352941176505,0.0
yy,heisenberg,-3.0628500603259736,0.2329202868438039,20.0
yy,ising,-3.0628500603259736,0.0003524752941176476,0.0
yy,heisenberg,-2.898143515763133,0.12709226911096907,20.0
yy,ising,-2.898143515763133,0.00040329882352941254,0.0
yy,heisenberg,-2.7422916657515257,0.07728666590705502,20.0
yy,ising,-2.7422916657515257,0.00020918117647058827,0.0
yy,heisenberg,-2.594818336313024,0.14671389380211694,20.0
yy,ising,-2.594818336313024,0.0001906400000000004,0.0
yy,heisenberg,-2.4552729523537695,0.3022770522782043,20.0
yy,ising,-2.4552729523537695,0.0004377458823529423,0.0
yy,heisenberg,-2.3232291610226077,0.3625549736066521,20.0
yy,ising,-2.3232291610226077,2.9981176470588217e-05,0.0
yy,heisenberg,-2.1982835290757192,0.32769658137668556,20.0
yy,ising,-2.1982835290757192,8.903999999999977e-05,0.0
yy,heisenberg,-2.080054310267486,0.2971332437758683,20.0
yy,ising,-2.080054310267486,9.906352941176486e-05,0.0
yy,heisenberg,-1.9681802790016327,0.2649323493798472,20.0
yy,ising,-1.9681802790016327,6.155764705882335e-05,0.0
yy,heisenberg,-1.8623196266790687,0.21966106660723703,20.0
yy,ising,-1.8623196266790687,9.445176470588245e-05,0.0
yy,heisenberg,-1.7621489173704834,0.15913102426626052,20.0
yy,ising,-1.7621489173704834,0.0001230164705882356,0.0
yy,heisenberg,-1.6673620996229055,0.10844663040530352,20.0
yy,ising,-1.6673620996229055,8.574588235294136e-05,0.0
yy,heisenberg,-1.577669571381064,0.0788617190342829,20.0
yy,ising,-1.577669571381064,0.00010433411764705918,0.0
yy,heisenberg,-1.492797295166556,0.09005012235710341,20.0
yy,ising,-1.492797295166556,4.127529411764695e-05,0.0
yy,heisenberg,-1.4124859608114548,0.14678406797569857,20.0
yy,ising,-1.4124859608114548,8.113411764705928e-05,0.0
yy,heisenberg,-1.336490193188253,0.2273524040283583,20.0
yy,ising,-1.336490193188253,0.0002519576470588234,0.0
yy,heisenberg,-1.2645778025155159,0.29074001636607205,20.0
yy,ising,-1.2645778025155159,7.661647058823515e-05,0.0
yy,heisenberg,-1.1965290749487103,0.31218208948196774,20.0
yy,ising,-1.1965290749487103,0.0001861694117647058,0.0
yy,heisenberg,-1.132136101288749,0.2720748548284445,20.0
yy,ising,-1.132136101288749,0.00024635764705882357,0.0
yy,heisenberg,-1.0712021417572508,0.21999521981001402,20.0
yy,ising,-1.0712021417572508,0.00025802823529411827,0.0
yy,heisenberg,-1.013541024897726,0.165781404039904,20.0
yy,ising,-1.013541024897726,0.00021576941176470647,0.0
yy,heisenberg,-0.9589765787661355,0.12722272684798178,20.0
yy,ising,-0.9589765787661355,0.0005211811764705882,0.0
yy,heisenberg,-0.9073420926729556,0.11210387784156875,20.0
yy,ising,-0.9073420926729556,0.00015186352941176488,0.0
yy,heisenberg,-0.8584798078321985,0.11495055701105873,20.0
yy,ising,-0.8584798078321985,6.814588235294127e-05,0.0
yy,heisenberg,-0.8122404353611755,0.13758736008463895,20.0
yy,ising,-0.8122404353611755,5.47811764705884e-05,0.0
yy,heisenberg,-0.7684827001583442,0.17430039225935412,20.0
yy,ising,-0.7684827001583442,0.0003064517647058822,0.0
yy,heisenberg,-0.7270729092656553,0.20936947745598586,20.0
yy,ising,-0.7270729092656553,0.00011351058823529407,0.0
yy,heisenberg,-0.68788454339661,0.24864644543213443,20.0
yy,ising,-0.68788454339661,7.661647058823545e-05,0.0
yy,heisenberg,-0.6507978703820303,0.2868796770055826,20.0
yy,ising,-0.6507978703820303,0.00020852235294117682,0.0
yy,heisenberg,-0.6156995793524987,0.3029196446343243,20.0
yy,ising,-0.6156995793524987,0.000138122352941177,0.0
yy,heisenberg,-0.5824824345397914,0.3099830039928789,20.0
yy,ising,-0.5824824345397914,0.00014842823529411764,0.0
yy,heisenberg,-0.5510449476395575,0.3180127525238154,20.0
yy,ising,-0.5510449476395575,9.016941176470588e-05,0.0
yy,heisenberg,-0.5212910677342194,0.31464276151575654,20.0
yy,ising,-0.5212910677342194,0.0002510164705882359,0.0
yy,heisenberg,-0.49312988782871514,0.29964227823712103,20.0
yy,ising,-0.49312988782871514,0.00024348705882352948,0.0
yy,heisenberg,-0.4664753671024611,0.28854656698129605,20.0
yy,ising,-0.4664753671024611,0.00016508705882352986,0.0
yy,heisenberg,-0.4412460680289316,0.2628564325371332,20.0
yy,ising,-0.4412460680289316,0.0001937458823529417,0.0
yy,heisenberg,-0.41736490755967726,0.24626449467534642,20.0
yy,ising,-0.41736490755967726,0.00013106352941176497,0.0
yy,heisenberg,-0.3947589216125771,0.22509209840702699,20.0
yy,ising,-0.3947589216125771,0.00017567529411764728,0.0
yy,heisenberg,-0.37335904214476,0.2014143143359431,20.0
yy,ising,-0.37335904214476,0.00024165176470588296,0.0
yy,heisenberg,-0.35309988612909526,0.1817788879932737,20.0
yy,ising,-0.35309988612909526,0.0004664988235294126,0.0
yy,heisenberg,-0.3339195557895036,0.16267764910001575,20.0
yy,ising,-0.3339195557895036,0.0002577929411764702,0.0
yy,heisenberg,-0.3157594494847533,0.14240607080128462,20.0
yy,ising,-0.3157594494847533,0.0002882400000000006,0.0
yy,heisenberg,-0.2985640826629329,0.12501609790991366,20.0
yy,ising,-0.2985640826629329,0.00010819294117647048,0.0
yy,heisenberg,-0.2822809183395641,0.10817744683114948,20.0
yy,ising,-0.2822809183395641,3.242823529411783e-05,0.0
yy,heisenberg,-0.26686020658141324,0.09408310064405459,20.0
yy,ising,-0.26686020658141324,0.00010391058823529458,0.0
yy,heisenberg,-0.25225483250557745,0.07881947471038209,20.0
yy,ising,-0.25225483250557745,0.000249134117647059,0.0
yy,heisenberg,-0.2384201723294368,0.07308504386047619,20.0
yy,ising,-0.2384201723294368,0.00012287529411764757,0.0
yy,heisenberg,-0.22531395703166326,0.058212179934718,20.0
yy,ising,-0.22531395703166326,0.0002010399999999999,0.0
yy,heisenberg,-0.21289614320772793,0.04922244904938698,20.0
yy,ising,-0.21289614320772793,7.911058823529409e-05,0.0
yy,heisenberg,-0.2011287907253334,0.04024999220016224,20.0
yy,ising,-0.2011287907253334,0.00020983999999999963,0.0
yy,heisenberg,-0.18997594680597096,0.035465665713541185,20.0
yy,ising,-0.18997594680597096,6.70164705882356e-05,0.0
yy,heisenberg,-0.17940353617843807,0.0277211352239242,20.0
yy,ising,-0.17940353617843807,0.0003190635294117651,0.0
yy,heisenberg,-0.1693792569687013,0.024869983850394264,20.0
yy,ising,-0.1693792569687013,0.00015308705882352997,0.0
yy,heisenberg,-0.15987248200801774,0.019897210849330983,20.0
yy,ising,-0.15987248200801774,5.134588235294117e-05,0.0
yy,heisenberg,-0.15085416525778153,0.016007416851625572,20.0
yy,ising,-0.15085416525778153,9.360470588235298e-05,0.0
yy,heisenberg,-0.14229675306519543,0.014819838816473817,20.0
yy,ising,-0.14229675306519543,9.529882352941146e-05,0.0
yy,heisenberg,-0.13417409997862736,0.01153005113051053,20.0
yy,ising,-0.13417409997862736,8.193411764705907e-05,0.0
yy,heisenberg,-0.1264613888654419,0.01082320354111638,20.0
yy,ising,-0.1264613888654419,0.00012104000000000018,0.0
yy,heisenberg,-0.11913505508824354,0.007396607883456089,20.0
yy,ising,-0.11913505508824354,0.00033572235294117726,0.0
yy,heisenberg,-0.11217271450786699,0.005917543854539829,20.0
yy,ising,-0.11217271450786699,7.129882352941188e-05,0.0
yy,heisenberg,-0.10555309509314288,0.004685006885874484,20.0
yy,ising,-0.10555309509314288,4.852235294117639e-05,0.0
yy,heisenberg,-0.09925597192848501,0.0038963717092567684,20.0
yy,ising,-0.09925597192848501,0.00038136941176470653,0.0
yy,heisenberg,-0.09326210542072925,0.0032397354506521416,20.0
yy,ising,-0.09326210542072925,8.649882352941207e-05,0.0
yy,heisenberg,-0.08755318251642662,0.002985826273345613,20.0
yy,ising,-0.08755318251642662,0.00011416941176470562,0.0
yy,heisenberg,-0.08211176074999206,0.002465414639376579,20.0
yy,ising,-0.08211176074999206,0.0001281929411764706,0.0
yy,heisenberg,-0.07692121495175952,0.001697718768831422,20.0
yy,ising,-0.07692121495175952,0.00010880470588235316,0.0
yy,heisenberg,-0.07196568645312007,0.001795278726806017,20.0
yy,ising,-0.07196568645312007,0.00015835764705882387,0.0
yy,heisenberg,-0.06723003463355003,0.0015105744101436864,20.0
yy,ising,-0.06723003463355003,9.092235294117636e-05,0.0
yy,heisenberg,-0.06269979066149038,0.0010215626914187464,20.0
yy,ising,-0.06269979066149038,3.3369411764705915e-05,0.0
yy,heisenberg,-0.058361113287742565,0.0011200078441640443,20.0
yy,ising,-0.058361113287742565,0.00016974588235294143,0.0
yy,heisenberg,-0.05420074655631531,0.0008926251530024738,20.0
yy,ising,-0.05420074655631531,0.00046758117647058886,0.0
yy,heisenberg,-0.05020597930351803,0.0007177584766129207,20.0
yy,ising,-0.05020597930351803,0.00013040470588235315,0.0
yy,heisenberg,-0.04636460632155667,0.00046591344587077155,20.0
yy,ising,-0.04636460632155667,9.040470588235288e-05,0.0
yy,heisenberg,-0.04266489106797654,0.00042292130343659506,20.0
yy,ising,-0.04266489106797654,7.341647058823554e-05,0.0
yy,heisenberg,-0.03909552980701752,0.0004295197654639131,20.0
yy,ising,-0.03909552980701752,0.00019360470588235287,0.0
yy,heisenberg,-0.0356456170733233,0.00036337066975965286,20.0
yy,ising,-0.0356456170733233,0.00014085176470588254,0.0
yy,heisenberg,-0.03230461235248556,0.0003025765844544245,20.0
yy,ising,-0.03230461235248556,7.289882352941173e-05,0.0
yy,heisenberg,-0.029062307876622468,0.00021791525595676704,20.0
yy,ising,-0.029062307876622468,7.402823529411762e-05,0.0
yy,heisenberg,-0.025908797436597037,0.0002115148033086263,20.0
yy,ising,-0.025908797436597037,0.00039045176470588286,0.0
yy,heisenberg,-0.022834446115588027,0.0004331570590851106,20.0
yy,ising,-0.022834446115588027,0.0002971811764705888,0.0
yy,heisenberg,-0.019829860851539437,0.0002617579215766891,20.0
yy,ising,-0.019829860851539437,0.00041708705882352945,0.0
yy,heisenberg,-0.01688586173854889,0.0002203967149927885,20.0
yy,ising,-0.01688586173854889,0.00014616941176470523,0.0
yy,heisenberg,-0.01399345397951167,0.00014387681820621763,20.0
yy,ising,-0.01399345397951167,0.0001584517647058826,0.0
yy,heisenberg,-0.01114380040432747,0.00010154543695115566,20.0
yy,ising,-0.01114380040432747,0.000255016470588236,0.0
yy,heisenberg,-0.008328194469704743,0.00024126541659634076,20.0
yy,ising,-0.008328194469704743,0.00012659294117647074,0.0
yy,heisenberg,-0.005538033658069007,0.00024782605731318765,20.0
yy,ising,-0.005538033658069007,0.00011652235294117662,0.0
yy,heisenberg,-0.0027647931943008217,0.00012731699066414117,20.0
yy,ising,-0.0027647931943008217,8.358117647058857e-05,0.0
yy,heisenberg,0.0,5.10914752019449e-05,20.0
yy,ising,0.0,1.9392941176470682e-05,0.0
yy,heisenberg,0.0027647931943008217,3.5533604623555514e-05,20.0
yy,ising,0.0027647931943008217,9.911058823529419e-05,0.0
yy,heisenberg,0.005538033658069052,0.0002490085155804085,20.0
yy,ising,0.005538033658069052,3.087529411764717e-05,0.0
yy,heisenberg,0.00832819446970479,0.00011323959724224235,20.0
yy,ising,0.00832819446970479,0.00023280470588235303,0.0
yy,heisenberg,0.011143800404327516,0.00010167847247039207,20.0
yy,ising,0.011143800404327516,6.11811764705883e-05,0.0
yy,heisenberg,0.013993453979511718,0.00020446247494865528,20.0
yy,ising,0.013993453979511718,4.5698823529411855e-05,0.0
yy,heisenberg,0.016885861738548936,0.00010789165502149859,20.0
yy,ising,0.016885861738548936,0.00012555764705882372,0.0
yy,heisenberg,0.019829860851539437,0.00023958349595003717,20.0
yy,ising,0.019829860851539437,0.00011591058823529453,0.0
yy,heisenberg,0.022834446115588027,0.0004207999212847122,20.0
yy,ising,0.022834446115588027,4.5134117647058875e-05,0.0
yy,heisenberg,0.025908797436597037,0.00017928603531099454,20.0
yy,ising,0.025908797436597037,0.0002469223529411768,0.0
yy,heisenberg,0.029062307876622468,0.00027775053441651864,20.0
yy,ising,0.029062307876622468,0.00016579294117647102,0.0
yy,heisenberg,0.03230461235248561,0.0001677518192619821,20.0
yy,ising,0.03230461235248561,0.00017680470588235322,0.0
yy,heisenberg,0.03564561707332336,0.0003407903560534985,20.0
yy,ising,0.03564561707332336,8.019294117647064e-05,0.0
yy,heisenberg,0.03909552980701758,0.00033552726536204225,20.0
yy,ising,0.03909552980701758,0.0001665458823529413,0.0
yy,heisenberg,0.04266489106797659,0.0006227761359643846,20.0
yy,ising,0.04266489106797659,6.998117647058805e-05,0.0
yy,heisenberg,0.046364606321556735,0.0004171913225492984,20.0
yy,ising,0.046364606321556735,0.0003655105882352946,0.0
yy,heisenberg,0.05020597930351803,0.00041794041346640337,20.0
yy,ising,0.05020597930351803,9.671058823529436e-05,0.0
yy,heisenberg,0.05420074655631531,0.0007855686636081418,20.0
yy,ising,0.05420074655631531,0.00036485176470588273,0.0
yy,heisenberg,0.058361113287742565,0.0005922714612409153,20.0
yy,ising,0.058361113287742565,0.0003713458823529415,0.0
yy,heisenberg,0.06269979066149045,0.0007591420393933213,20.0
yy,ising,0.06269979066149045,0.00011906352941176467,0.0
yy,heisenberg,0.0672300346335501,0.0015745047576308264,20.0
yy,ising,0.0672300346335501,3.948705882352938e-05,0.0
yy,heisenberg,0.07196568645312015,0.0014174953148577665,20.0
yy,ising,0.07196568645312015,0.00027322823529411815,0.0
yy,heisenberg,0.0769212149517596,0.0010294629379970187,20.0
yy,ising,0.0769212149517596,3.501647058823517e-05,0.0
yy,heisenberg,0.08211176074999216,0.0013041480872138995,20.0
yy,ising,0.08211176074999216,5.788705882352939e-05,0.0
yy,heisenberg,0.08755318251642662,0.001780359219096545,20.0
yy,ising,0.08755318251642662,0.0001291341176470589,0.0
yy,heisenberg,0.09326210542072925,0.003059229173354009,20.0
yy,ising,0.09326210542072925,3.901647058823563e-05,0.0
yy,heisenberg,0.09925597192848501,0.00369493170366291,20.0
yy,ising,0.09925597192848501,0.0002575576470588239,0.0
yy,heisenberg,0.10555309509314288,0.0038085436677172727,20.0
yy,ising,0.10555309509314288,0.0001508752941176467,0.0
yy,heisenberg,0.11217271450786703,0.005055838312672817,20.0
yy,ising,0.11217271450786703,0.0001619341176470591,0.0
yy,heisenberg,0.11913505508824361,0.004665133345932401,20.0
yy,ising,0.11913505508824361,0.00022216941176470624,0.0
yy,heisenberg,0.12646138886544203,0.006428133291820451,20.0
yy,ising,0.12646138886544203,4.819294117647079e-05,0.0
yy,heisenberg,0.1341740999786275,0.007569613741236993,20.0
yy,ising,0.1341740999786275,7.129882352941183e-05,0.0
yy,heisenberg,0.1422967530651956,0.008600963105810894,20.0
yy,ising,0.1422967530651956,0.00012386352941176553,0.0
yy,heisenberg,0.15085416525778153,0.0128037337764067,20.0
yy,ising,0.15085416525778153,0.00028169882352941186,0.0
yy,heisenberg,0.1598724820080178,0.016095970076937017,20.0
yy,ising,0.1598724820080178,0.00015605176470588294,0.0
yy,heisenberg,0.16937925696870137,0.01883961345206192,20.0
yy,ising,0.16937925696870137,0.00022621647058823524,0.0
yy,heisenberg,0.17940353617843813,0.021046453661214676,20.0
yy,ising,0.17940353617843813,0.00023689882352941234,0.0
yy,heisenberg,0.18997594680597105,0.02899536612324139,20.0
yy,ising,0.18997594680597105,0.00015200470588235337,0.0
yy,heisenberg,0.20112879072533352,0.030731262234932794,20.0
yy,ising,0.20112879072533352,9.619294117647046e-05,0.0
yy,heisenberg,0.2128961432077281,0.03738586715429527,20.0
yy,ising,0.2128961432077281,3.887529411764714e-05,0.0
yy,heisenberg,0.22531395703166346,0.044621502523406985,20.0
yy,ising,0.22531395703166346,0.00015111058823529474,0.0
yy,heisenberg,0.2384201723294368,0.05195274573392345,20.0
yy,ising,0.2384201723294368,0.00015242823529411736,0.0
yy,heisenberg,0.25225483250557745,0.06125545822837114,20.0
yy,ising,0.25225483250557745,6.424000000000014e-05,0.0
yy,heisenberg,0.26686020658141335,0.07392411888603272,20.0
yy,ising,0.26686020658141335,8.023999999999987e-05,0.0
yy,heisenberg,0.2822809183395642,0.08835275444638664,20.0
yy,ising,0.2822809183395642,0.00029939294117647106,0.0
yy,heisenberg,0.298564082662933,0.10006548782107727,20.0
yy,ising,0.298564082662933,7.633411764705938e-05,0.0
yy,heisenberg,0.31575944948475315,0.12142398974645338,20.0
yy,ising,0.31575944948475315,9.35576470588238e-05,0.0
yy,heisenberg,0.3339195557895039,0.14036685145840216,20.0
yy,ising,0.3339195557895039,9.473411764705881e-05,0.0
yy,heisenberg,0.35309988612909526,0.15980538205093608,20.0
yy,ising,0.35309988612909526,4.151058823529402e-05,0.0
yy,heisenberg,0.37335904214476034,0.18843197646188597,20.0
yy,ising,0.37335904214476034,0.00037002823529411834,0.0
yy,heisenberg,0.3947589216125771,0.20864577648486973,20.0
yy,ising,0.3947589216125771,9.892235294117639e-05,0.0
yy,heisenberg,0.4173649075596779,0.23920419591105974,20.0
yy,ising,0.4173649075596779,0.000139534117647059,0.0
yy,heisenberg,0.4412460680289318,0.25751522701247664,20.0
yy,ising,0.4412460680289318,0.00021280470588235358,0.0
yy,heisenberg,0.46647536710246174,0.2622302098704877,20.0
yy,ising,0.46647536710246174,0.0003259341176470591,0.0
yy,heisenberg,0.49312988782871536,0.28115612625627134,20.0
yy,ising,0.49312988782871536,0.0003194870588235293,0.0
yy,heisenberg,0.5212910677342192,0.27414468343813503,20.0
yy,ising,0.5212910677342192,0.00024805176470588244,0.0
yy,heisenberg,0.5510449476395579,0.261563556655772,20.0
yy,ising,0.5510449476395579,0.00011845176470588276,0.0
yy,heisenberg,0.5824824345397914,0.24289252063278918,20.0
yy,ising,0.5824824345397914,0.00012800470588235333,0.0
yy,heisenberg,0.6156995793524993,0.22099078018009805,20.0
yy,ising,0.6156995793524993,6.315764705882333e-05,0.0
yy,heisenberg,0.6507978703820303,0.19355897554512363,20.0
yy,ising,0.6507978703820303,0.00020009882352941212,0.0
yy,heisenberg,0.687884543396611,0.1584808508951704,20.0
yy,ising,0.687884543396611,0.00028334588235294137,0.0
yy,heisenberg,0.7270729092656556,0.12878684471163787,20.0
yy,ising,0.7270729092656556,0.0002320047058823531,0.0
yy,heisenberg,0.7684827001583452,0.09463502685680723,20.0
yy,ising,0.7684827001583452,8.791058823529419e-05,0.0
yy,heisenberg,0.8122404353611758,0.06453618391742129,20.0
yy,ising,0.8122404353611758,0.00037995764705882383,0.0
yy,heisenberg,0.8584798078321985,0.042059145303688504,20.0
yy,ising,0.8584798078321985,7.671058823529418e-05,0.0
yy,heisenberg,0.9073420926729565,0.03206285498605927,20.0
yy,ising,0.9073420926729565,8.546352941176464e-05,0.0
yy,heisenberg,0.9589765787661355,0.021943465635358674,20.0
yy,ising,0.9589765787661355,0.00012056941176470595,0.0
yy,heisenberg,1.0135410248977268,0.02851156828290777,20.0
yy,ising,1.0135410248977268,0.0001536047058823532,0.0
yy,heisenberg,1.0712021417572508,0.04146125315771306,20.0
yy,ising,1.0712021417572508,0.00040273411764705895,0.0
yy,heisenberg,1.1321361012887499,0.06878981239487637,20.0
yy,ising,1.1321361012887499,3.539294117647073e-05,0.0
yy,heisenberg,1.1965290749487107,0.1138615531742617,20.0
yy,ising,1.1965290749487107,0.0001633929411764707,0.0
yy,heisenberg,1.2645778025155154,0.18534414956188228,20.0
yy,ising,1.2645778025155154,8.49458823529411e-05,0.0
yy,heisenberg,1.336490193188254,0.24096023867159985,20.0
yy,ising,1.336490193188254,0.000158498823529412,0.0
yy,heisenberg,1.4124859608114548,0.28456380802126596,20.0
yy,ising,1.4124859608114548,4.1557647058823686e-05,0.0
yy,heisenberg,1.4927972951665573,0.3023381998861774,20.0
yy,ising,1.4927972951665573,0.00017238117647058824,0.0
yy,heisenberg,1.577669571381064,0.32266284708267934,20.0
yy,ising,1.577669571381064,9.882823529411778e-05,0.0
yy,heisenberg,1.667362099622907,0.28239479652370536,20.0
yy,ising,1.667362099622907,0.00021115764705882396,0.0
yy,heisenberg,1.7621489173704834,0.25327364421990844,20.0
yy,ising,1.7621489173704834,0.00013849882352941185,0.0
yy,heisenberg,1.8623196266790718,0.21859789810141866,20.0
yy,ising,1.8623196266790718,0.00039812235294117677,0.0
yy,heisenberg,1.9681802790016327,0.1700701891537133,20.0
yy,ising,1.9681802790016327,0.00012475764705882313,0.0
yy,heisenberg,2.080054310267486,0.07764539291898588,20.0
yy,ising,2.080054310267486,0.0002655105882352944,0.0
yy,heisenberg,2.198283529075721,0.05966098321102509,20.0
yy,ising,2.198283529075721,4.4804705882352875e-05,0.0
yy,heisenberg,2.3232291610226077,0.19359116082383726,20.0
yy,ising,2.3232291610226077,9.600470588235281e-05,0.0
yy,heisenberg,2.4552729523537717,0.3235886565759851,20.0
yy,ising,2.4552729523537717,0.0001229694117647058,0.0
yy,heisenberg,2.594818336313024,0.4100291029775898,20.0
yy,ising,2.594818336313024,0.0001413223529411761,0.0
yy,heisenberg,2.7422916657515284,0.421368885003431,20.0
yy,ising,2.7422916657515284,3.426352941176479e-05,0.0
yy,heisenberg,2.898143515763133,0.3669330684212911,20.0
yy,ising,2.898143515763133,7.012235294117684e-05,0.0
yy,heisenberg,3.062850060325979,0.29385674724042593,20.0
yy,ising,3.062850060325979,9.666352941176468e-05,0.0
yy,heisenberg,3.2369145271562694,0.2234303640982859,20.0
yy,ising,3.2369145271562694,0.00016329882352941204,0.0
yy,heisenberg,3.420868735219366,0.10998376672456883,20.0
yy,ising,3.420868735219366,7.040470588235292e-05,0.0
yy,heisenberg,3.6152747195956465,0.0987716598823648,20.0
yy,ising,3.6152747195956465,0.00033087529411764707,0.0
yy,heisenberg,3.820726448665623,0.2935489068926957,20.0
yy,ising,3.820726448665623,8.687529411764716e-05,0.0
yy,heisenberg,4.037851638860895,0.3471771268485186,20.0
yy,ising,4.037851638860895,0.00026631058823529485,0.0
yy,heisenberg,4.267313672525386,0.27286042698575247,20.0
yy,ising,4.267313672525386,0.0004063105882352942,0.0
yy,heisenberg,4.509813624746718,0.16496289938457276,20.0
yy,ising,4.509813624746718,7.699294117647054e-05,0.0
yy,heisenberg,4.766092405350053,0.07916624614125188,20.0
yy,ising,4.766092405350053,8.400470588235293e-05,0.0
yy,heisenberg,5.036933022599099,0.30547493558498146,20.0
yy,ising,5.036933022599099,2.7628235294117622e-05,0.0
yy,heisenberg,5.32316297552029,0.13374743304014397,20.0
yy,ising,5.32316297552029,7.798117647058817e-05,0.0
yy,heisenberg,5.625656782159669,0.282396919678215,20.0
yy,ising,5.625656782159669,0.0003009929411764709,0.0
yy,heisenberg,5.945338651496844,0.16307326421342047,20.0
yy,ising,5.945338651496844,9.464000000000003e-05,0.0
yy,heisenberg,6.283185307179589,0.00014233952233293502,20.0
yy,ising,6.283185307179589,6.61694117647057e-05,0.0
zz,heisenberg,-6.283185307179589,0.00013547227299572735,20.0
zz,ising,-6.283185307179589,0.00022028705882353052,20.0
zz,heisenberg,-5.945338651496838,0.000304931247163575,20.0
zz,ising,-5.945338651496838,0.00018889882352941128,20.0
zz,heisenberg,-5.625656782159669,0.0006896110073642877,20.0
zz,ising,-5.625656782159669,0.00014268705882353004,20.0
zz,heisenberg,-5.323162975520285,0.0010962731723914102,20.0
zz,ising,-5.323162975520285,0.00014974588235294045,20.0
zz,heisenberg,-5.03693302259909,0.0010322447480674553,20.0
zz,ising,-5.03693302259909,0.0003890870588235303,20.0
zz,heisenberg,-4.766092405350053,0.0010342224225143488,20.0
zz,ising,-4.766092405350053,0.00017915764705882478,20.0
zz,heisenberg,-4.509813624746714,0.0009096487123763793,20.0
zz,ising,-4.509813624746714,6.15576470588237e-05,20.0
zz,heisenberg,-4.267313672525386,0.0012131185646399047,20.0
zz,ising,-4.267313672525386,5.2192941176470755e-05,20.0
zz,heisenberg,-4.037851638860891,0.0010577957899102746,20.0
zz,ising,-4.037851638860891,0.00022795764705882383,20.0
zz,heisenberg,-3.820726448665623,0.0011426660523854906,20.0
zz,ising,-3.820726448665623,0.0001544047058823529,20.0
zz,heisenberg,-3.615274719595643,0.0010925896553165904,20.0
zz,ising,-3.615274719595643,0.0001780752941176476,20.0
zz,heisenberg,-3.420868735219366,0.0010041920812968084,20.0
zz,ising,-3.420868735219366,6.979294117647069e-05,20.0
zz,heisenberg,-3.2369145271562667,0.0020274262595590385,20.0
zz,ising,-3.2369145271562667,0.0001663576470588239,20.0
zz,heisenberg,-3.0628500603259736,0.0014704946820544855,20.0
zz,ising,-3.0628500603259736,2.0381176470588424e-05,20.0
zz,heisenberg,-2.898143515763133,0.0018974030697989437,20.0
zz,ising,-2.898143515763133,0.00014635764705882355,20.0
zz,heisenberg,-2.7422916657515257,0.000774926869629077,20.0
zz,ising,-2.7422916657515257,4.579294117646987e-05,20.0
zz,heisenberg,-2.594818336313024,0.0008558098874035323,20.0
zz,ising,-2.594818336313024,0.0003312517647058833,20.0
zz,heisenberg,-2.4552729523537695,0.0020869573091840303,20.0
zz,ising,-2.4552729523537695,4.499294117647072e-05,20.0
zz,heisenberg,-2.3232291610226077,0.0009610993323443928,20.0
zz,ising,-2.3232291610226077,0.00010136941176470585,20.0
zz,heisenberg,-2.1982835290757192,0.0014429100444212281,20.0
zz,ising,-2.1982835290757192,0.00012042823529411729,20.0
zz,heisenberg,-2.080054310267486,0.0021963688834984274,20.0
zz,ising,-2.080054310267486,0.00020894588235294154,20.0
zz,heisenberg,-1.9681802790016327,0.0017570104724410195,20.0
zz,ising,-1.9681802790016327,0.00011736941176470643,20.0
zz,heisenberg,-1.8623196266790687,0.0011119492861151386,20.0
zz,ising,-1.8623196266790687,0.00013831058823529418,20.0
zz,heisenberg,-1.7621489173704834,0.001367033591686018,20.0
zz,ising,-1.7621489173704834,0.00011219294117647066,20.0
zz,heisenberg,-1.6673620996229055,0.001552287020782,20.0
zz,ising,-1.6673620996229055,0.0001660752941176486,20.0
zz,heisenberg,-1.577669571381064,0.0010887885541621509,20.0
zz,ising,-1.577669571381064,0.00020871058823528923,20.0
zz,heisenberg,-1.492797295166556,0.0005265800202556941,20.0
zz,ising,-1.492797295166556,8.136941176470455e-05,20.0
zz,heisenberg,-1.4124859608114548,0.001060060971045554,20.0
zz,ising,-1.4124859608114548,6.833411764705913e-05,20.0
zz,heisenberg,-1.336490193188253,0.0013654899315106422,20.0
zz,ising,-1.336490193188253,0.00015219294117647028,20.0
zz,heisenberg,-1.2645778025155159,0.0006827162656674602,20.0
zz,ising,-1.2645778025155159,3.186352941176476e-05,20.0
zz,heisenberg,-1.1965290749487103,0.0008357408658303568,20.0
zz,ising,-1.1965290749487103,3.779294117647098e-05,20.0
zz,heisenberg,-1.132136101288749,0.0005813327946070287,20.0
zz,ising,-1.132136101288749,8.264000000000055e-05,20.0
zz,heisenberg,-1.0712021417572508,0.0006282099989722229,20.0
zz,ising,-1.0712021417572508,0.0002510164705882359,20.0
zz,heisenberg,-1.013541024897726,0.0005882954804049628,20.0
zz,ising,-1.013541024897726,0.00012306352941176518,20.0
zz,heisenberg,-0.9589765787661355,0.0005289287047793033,20.0
zz,ising,-0.9589765787661355,4.5840000000000496e-05,20.0
zz,heisenberg,-0.9073420926729556,0.0002910424857766446,20.0
zz,ising,-0.9073420926729556,0.00014372235294117646,20.0
zz,heisenberg,-0.8584798078321985,0.0005903141620133647,20.0
zz,ising,-0.8584798078321985,8.334588235294111e-05,20.0
zz,heisenberg,-0.8122404353611755,0.0004279440234970028,20.0
zz,ising,-0.8122404353611755,0.00032391058823529696,20.0
zz,heisenberg,-0.7684827001583442,0.0005857452448257412,20.0
zz,ising,-0.7684827001583442,0.00017308705882353168,20.0
zz,heisenberg,-0.7270729092656553,0.0002933379532792362,20.0
zz,ising,-0.7270729092656553,0.00020122823529411808,20.0
zz,heisenberg,-0.68788454339661,0.0003429824504921275,20.0
zz,ising,-0.68788454339661,0.00010640470588235289,20.0
zz,heisenberg,-0.6507978703820303,0.0003340764765997282,20.0
zz,ising,-0.6507978703820303,3.656941176470588e-05,20.0
zz,heisenberg,-0.6156995793524987,0.0004213453910980134,20.0
zz,ising,-0.6156995793524987,0.00010240470588235225,20.0
zz,heisenberg,-0.5824824345397914,0.00021441432587230842,20.0
zz,ising,-0.5824824345397914,0.00015595764705882362,20.0
zz,heisenberg,-0.5510449476395575,0.0006768734386836536,20.0
zz,ising,-0.5510449476395575,0.00018438117647058856,20.0
zz,heisenberg,-0.5212910677342194,0.0003136474707374156,20.0
zz,ising,-0.5212910677342194,5.3839999999999817e-05,20.0
zz,heisenberg,-0.49312988782871514,0.00016671797724234706,20.0
zz,ising,-0.49312988782871514,7.054588235294145e-05,20.0
zz,heisenberg,-0.4664753671024611,0.00017832918254447966,20.0
zz,ising,-0.4664753671024611,0.00016475764705882386,20.0
zz,heisenberg,-0.4412460680289316,0.00030106184120502625,20.0
zz,ising,-0.4412460680289316,0.0001889929411764684,20.0
zz,heisenberg,-0.41736490755967726,0.00013116921850126126,20.0
zz,ising,-0.41736490755967726,0.00020932235294117668,20.0
zz,heisenberg,-0.3947589216125771,0.00027292961813247255,20.0
zz,ising,-0.3947589216125771,4.085176470588245e-05,20.0
zz,heisenberg,-0.37335904214476,0.0002640981288486887,20.0
zz,ising,-0.37335904214476,5.572235294117698e-05,20.0
zz,heisenberg,-0.35309988612909526,0.00011717006155183256,20.0
zz,ising,-0.35309988612909526,0.0002352988235294116,20.0
zz,heisenberg,-0.3339195557895036,0.0002640531469701209,20.0
zz,ising,-0.3339195557895036,0.00034838117647058525,20.0
zz,heisenberg,-0.3157594494847533,0.0004469496428714181,20.0
zz,ising,-0.3157594494847533,9.402823529411826e-05,20.0
zz,heisenberg,-0.2985640826629329,0.0003252417583379082,20.0
zz,ising,-0.2985640826629329,0.00014019294117647243,20.0
zz,heisenberg,-0.2822809183395641,0.0006998783748527666,20.0
zz,ising,-0.2822809183395641,8.936941176470586e-05,20.0
zz,heisenberg,-0.26686020658141324,0.00010408160261623841,20.0
zz,ising,-0.26686020658141324,0.000145181176470588,20.0
zz,heisenberg,-0.25225483250557745,9.25075486392313e-05,20.0
zz,ising,-0.25225483250557745,0.00037454588235294245,20.0
zz,heisenberg,-0.2384201723294368,0.00013845440723626634,20.0
zz,ising,-0.2384201723294368,0.00032207529411764735,20.0
zz,heisenberg,-0.22531395703166326,0.00013311242475722875,20.0
zz,ising,-0.22531395703166326,0.00012748705882352973,20.0
zz,heisenberg,-0.21289614320772793,0.0001346361266441234,20.0
zz,ising,-0.21289614320772793,6.358117647058836e-05,20.0
zz,heisenberg,-0.2011287907253334,0.00017949096804787412,20.0
zz,ising,-0.2011287907253334,9.402823529412038e-05,20.0
zz,heisenberg,-0.18997594680597096,0.00010057713691039374,20.0
zz,ising,-0.18997594680597096,0.00011421647058823526,20.0
zz,heisenberg,-0.17940353617843807,0.0001237429999199151,20.0
zz,ising,-0.17940353617843807,0.00012579294117647075,20.0
zz,heisenberg,-0.1693792569687013,0.00033519475611927014,20.0
zz,ising,-0.1693792569687013,0.00018216941176470622,20.0
zz,heisenberg,-0.15987248200801774,0.00017023130509261487,20.0
zz,ising,-0.15987248200801774,6.329882352941185e-05,20.0
zz,heisenberg,-0.15085416525778153,0.00017960481755658307,20.0
zz,ising,-0.15085416525778153,0.00033840470588235246,20.0
zz,heisenberg,-0.14229675306519543,4.849725332280538e-05,20.0
zz,ising,-0.14229675306519543,0.0003859811764705884,20.0
zz,heisenberg,-0.13417409997862736,0.00018217769762918462,20.0
zz,ising,-0.13417409997862736,0.0004810400000000005,20.0
zz,heisenberg,-0.1264613888654419,0.0005053018472916655,20.0
zz,ising,-0.1264613888654419,8.856941176470663e-05,20.0
zz,heisenberg,-0.11913505508824354,0.0004485892381839359,20.0
zz,ising,-0.11913505508824354,5.252235294117643e-05,20.0
zz,heisenberg,-0.11217271450786699,0.00014634949891959278,20.0
zz,ising,-0.11217271450786699,3.755764705882327e-05,20.0
zz,heisenberg,-0.10555309509314288,7.063236854712878e-05,20.0
zz,ising,-0.10555309509314288,4.456941176470635e-05,20.0
zz,heisenberg,-0.09925597192848501,7.757277865494938e-05,20.0
zz,ising,-0.09925597192848501,0.000167769411764707,20.0
zz,heisenberg,-0.09326210542072925,0.00015097436890199324,20.0
zz,ising,-0.09326210542072925,8.311058823529417e-05,20.0
zz,heisenberg,-0.08755318251642662,0.00011823621555507044,20.0
zz,ising,-0.08755318251642662,0.00010880470588235251,20.0
zz,heisenberg,-0.08211176074999206,0.00010690937751048239,20.0
zz,ising,-0.08211176074999206,0.00010659294117647077,20.0
zz,heisenberg,-0.07692121495175952,6.55802121416444e-05,20.0
zz,ising,-0.07692121495175952,2.494588235294158e-05,20.0
zz,heisenberg,-0.07196568645312007,0.0001971484317640176,20.0
zz,ising,-0.07196568645312007,0.00010880470588235429,20.0
zz,heisenberg,-0.06723003463355003,0.0002492876010106823,20.0
zz,ising,-0.06723003463355003,0.00015355764705882386,20.0
zz,heisenberg,-0.06269979066149038,0.00014086439078807365,20.0
zz,ising,-0.06269979066149038,0.00019064000000000025,20.0
zz,heisenberg,-0.058361113287742565,0.00027529154583191384,20.0
zz,ising,-0.058361113287742565,0.00018513411764705922,20.0
zz,heisenberg,-0.05420074655631531,5.8032132555490594e-05,20.0
zz,ising,-0.05420074655631531,0.0001510635294117658,20.0
zz,heisenberg,-0.05020597930351803,0.00041912291644309954,20.0
zz,ising,-0.05020597930351803,0.00020414588235294036,20.0
zz,heisenberg,-0.04636460632155667,0.00035214042100115486,20.0
zz,ising,-0.04636460632155667,2.9557647058823736e-05,20.0
zz,heisenberg,-0.04266489106797654,0.0003225804239787478,20.0
zz,ising,-0.04266489106797654,8.955764705882331e-05,20.0
zz,heisenberg,-0.03909552980701752,0.0001998113478057587,20.0
zz,ising,-0.03909552980701752,0.00020188705882353078,20.0
zz,heisenberg,-0.0356456170733233,2.3120720633790436e-05,20.0
zz,ising,-0.0356456170733233,0.00017859294117647108,20.0
zz,heisenberg,-0.03230461235248556,7.388045911962129e-05,20.0
zz,ising,-0.03230461235248556,0.00013125176470588253,20.0
zz,heisenberg,-0.029062307876622468,0.0006286984596230449,20.0
zz,ising,-0.029062307876622468,0.00013849882352941196,20.0
zz,heisenberg,-0.025908797436597037,0.00038471947871383274,20.0
zz,ising,-0.025908797436597037,0.00010955764705882409,20.0
zz,heisenberg,-0.022834446115588027,0.00014158489742026236,20.0
zz,ising,-0.022834446115588027,2.6734117647058862e-05,20.0
zz,heisenberg,-0.019829860851539437,0.0001556074054301053,20.0
zz,ising,-0.019829860851539437,0.0001400047058823513,20.0
zz,heisenberg,-0.01688586173854889,0.00011158488526158198,20.0
zz,ising,-0.01688586173854889,3.661647058823552e-05,20.0
zz,heisenberg,-0.01399345397951167,0.00027263251134122357,20.0
zz,ising,-0.01399345397951167,0.00011143999999999996,20.0
zz,heisenberg,-0.01114380040432747,0.00024023480053136914,20.0
zz,ising,-0.01114380040432747,0.00021007529411764614,20.0
zz,heisenberg,-0.008328194469704743,8.068756855036909e-05,20.0
zz,ising,-0.008328194469704743,8.969882352941019e-05,20.0
zz,heisenberg,-0.005538033658069007,4.229285250176606e-05,20.0
zz,ising,-0.005538033658069007,7.845176470588259e-05,20.0
zz,heisenberg,-0.0027647931943008217,5.430357219691692e-05,20.0
zz,ising,-0.0027647931943008217,8.155764705882333e-05,20.0
zz,heisenberg,0.0,0.00012485941178108913,20.0
zz,ising,0.0,0.00011318117647058858,20.0
zz,heisenberg,0.0027647931943008217,0.00030659642503218893,20.0
zz,ising,0.0027647931943008217,8.042823529411878e-05,20.0
zz,heisenberg,0.005538033658069052,4.796189850526603e-05,20.0
zz,ising,0.005538033658069052,8.73458823529408e-05,20.0
zz,heisenberg,0.00832819446970479,0.00024662241642499306,20.0
zz,ising,0.00832819446970479,7.576941176470688e-05,20.0
zz,heisenberg,0.011143800404327516,0.00014474693601240386,20.0
zz,ising,0.011143800404327516,0.00015722823529411777,20.0
zz,heisenberg,0.013993453979511718,6.321070316023888e-05,20.0
zz,ising,0.013993453979511718,9.158117647058812e-05,20.0
zz,heisenberg,0.016885861738548936,7.62326133057098e-05,20.0
zz,ising,0.016885861738548936,0.0001400047058823519,20.0
zz,heisenberg,0.019829860851539437,3.1681241335102446e-05,20.0
zz,ising,0.019829860851539437,2.2781176470588116e-05,20.0
zz,heisenberg,0.022834446115588027,7.328155812935089e-05,20.0
zz,ising,0.022834446115588027,3.402823529411759e-05,20.0
zz,heisenberg,0.025908797436597037,0.00030367153684285157,20.0
zz,ising,0.025908797436597037,0.0001852282352941175,20.0
zz,heisenberg,0.029062307876622468,4.7992832304396536e-05,20.0
zz,ising,0.029062307876622468,0.00031153411764705906,20.0
zz,heisenberg,0.03230461235248561,0.0003410055553009965,20.0
zz,ising,0.03230461235248561,0.00013718117647058836,20.0
zz,heisenberg,0.03564561707332336,0.00020779125652752985,20.0
zz,ising,0.03564561707332336,7.421647058823465e-05,20.0
zz,heisenberg,0.03909552980701758,0.000353700561402252,20.0
zz,ising,0.03909552980701758,3.2616470588235325e-05,20.0
zz,heisenberg,0.04266489106797659,8.330580759281512e-05,20.0
zz,ising,0.04266489106797659,3.294588235294105e-05,20.0
zz,heisenberg,0.046364606321556735,0.00020200363150712187,20.0
zz,ising,0.046364606321556735,3.0404705882352735e-05,20.0
zz,heisenberg,0.05020597930351803,8.858875454240284e-05,20.0
zz,ising,0.05020597930351803,9.74164705882352e-05,20.0
zz,heisenberg,0.05420074655631531,0.0004883103688450095,20.0
zz,ising,0.05420074655631531,0.000125557647058823,20.0
zz,heisenberg,0.058361113287742565,0.00040564230359439426,20.0
zz,ising,0.058361113287742565,5.812235294117644e-05,20.0
zz,heisenberg,0.06269979066149045,0.0001152093900583352,20.0
zz,ising,0.06269979066149045,0.00022292235294117479,20.0
zz,heisenberg,0.0672300346335501,0.0005858632604990114,20.0
zz,ising,0.0672300346335501,5.4828235294118564e-05,20.0
zz,heisenberg,0.07196568645312015,8.300425263335339e-05,20.0
zz,ising,0.07196568645312015,0.0001584988235294157,20.0
zz,heisenberg,0.0769212149517596,0.0003085451628717975,20.0
zz,ising,0.0769212149517596,0.00018776941176470565,20.0
zz,heisenberg,0.08211176074999216,0.00015715531530115554,20.0
zz,ising,0.08211176074999216,0.00046772235294117645,20.0
zz,heisenberg,0.08755318251642662,0.00021046496537214794,20.0
zz,ising,0.08755318251642662,0.00019511058823529367,20.0
zz,heisenberg,0.09326210542072925,9.936951756150589e-05,20.0
zz,ising,0.09326210542072925,0.00010904000000000007,20.0
zz,heisenberg,0.09925597192848501,9.587575914835574e-05,20.0
zz,ising,0.09925597192848501,0.00010339294117647073,20.0
zz,heisenberg,0.10555309509314288,0.0001286711876154703,20.0
zz,ising,0.10555309509314288,1.8310588235294193e-05,20.0
zz,heisenberg,0.11217271450786703,0.000252504800935401,20.0
zz,ising,0.11217271450786703,0.00026179294117646966,20.0
zz,heisenberg,0.11913505508824361,0.000223947728095895,20.0
zz,ising,0.11913505508824361,0.00041016941176470593,20.0
zz,heisenberg,0.12646138886544203,0.0001734873040367237,20.0
zz,ising,0.12646138886544203,9.209882352941165e-05,20.0
zz,heisenberg,0.1341740999786275,0.00010901280887062279,20.0
zz,ising,0.1341740999786275,8.805176470588388e-05,20.0
zz,heisenberg,0.1422967530651956,6.573839596856734e-05,20.0
zz,ising,0.1422967530651956,0.0003761929411764716,20.0
zz,heisenberg,0.15085416525778153,0.00010921465984892256,20.0
zz,ising,0.15085416525778153,0.00011981647058823555,20.0
zz,heisenberg,0.1598724820080178,0.00017110077973027426,20.0
zz,ising,0.1598724820080178,0.00012108705882352856,20.0
zz,heisenberg,0.16937925696870137,7.108319330554706e-05,20.0
zz,ising,0.16937925696870137,0.0004047576470588247,20.0
zz,heisenberg,0.17940353617843813,0.00015092253069992983,20.0
zz,ising,0.17940353617843813,0.0005869223529411766,20.0
zz,heisenberg,0.18997594680597105,0.0002005356703559097,20.0
zz,ising,0.18997594680597105,0.0004120517647058849,20.0
zz,heisenberg,0.20112879072533352,0.00011144862467404625,20.0
zz,ising,0.20112879072533352,0.00023129882352941443,20.0
zz,heisenberg,0.2128961432077281,0.0002590647155223169,20.0
zz,ising,0.2128961432077281,0.00010795764705882436,20.0
zz,heisenberg,0.22531395703166346,0.00021848016377997695,20.0
zz,ising,0.22531395703166346,3.09223529411764e-05,20.0
zz,heisenberg,0.2384201723294368,0.00011088703163404298,20.0
zz,ising,0.2384201723294368,4.226352941176508e-05,20.0
zz,heisenberg,0.25225483250557745,0.00010845368095673216,20.0
zz,ising,0.25225483250557745,0.0002729929411764722,20.0
zz,heisenberg,0.26686020658141335,0.00012806612530871515,20.0
zz,ising,0.26686020658141335,0.00010885176470588259,20.0
zz,heisenberg,0.2822809183395642,0.0003085081182434811,20.0
zz,ising,0.2822809183395642,0.0001398635294117649,20.0
zz,heisenberg,0.298564082662933,0.000216302790512139,20.0
zz,ising,0.298564082662933,0.00040527529411764666,20.0
zz,heisenberg,0.31575944948475315,0.00017749092169130158,20.0
zz,ising,0.31575944948475315,0.00011647529411764899,20.0
zz,heisenberg,0.3339195557895039,0.00038073629128179036,20.0
zz,ising,0.3339195557895039,0.00030113411764705827,20.0
zz,heisenberg,0.35309988612909526,0.000175648838536158,20.0
zz,ising,0.35309988612909526,0.00016311058823528928,20.0
zz,heisenberg,0.37335904214476034,0.0004438036298224696,20.0
zz,ising,0.37335904214476034,0.00017271058823529393,20.0
zz,heisenberg,0.3947589216125771,0.00010433054800837673,20.0
zz,ising,0.3947589216125771,6.53223529411767e-05,20.0
zz,heisenberg,0.4173649075596779,0.00020574628919134498,20.0
zz,ising,0.4173649075596779,0.00013896941176470533,20.0
zz,heisenberg,0.4412460680289318,0.0003871559879436165,20.0
zz,ising,0.4412460680289318,0.0001511105882352932,20.0
zz,heisenberg,0.46647536710246174,0.0001747050051850121,20.0
zz,ising,0.46647536710246174,0.000225275294117647,20.0
zz,heisenberg,0.49312988782871536,0.00018064876986755132,20.0
zz,ising,0.49312988782871536,0.0005099341176470592,20.0
zz,heisenberg,0.5212910677342192,0.0007841270183308065,20.0
zz,ising,0.5212910677342192,0.00020188705882352964,20.0
zz,heisenberg,0.5510449476395579,0.0006584564943221219,20.0
zz,ising,0.5510449476395579,0.00015355764705882345,20.0
zz,heisenberg,0.5824824345397914,0.00026819946422156906,20.0
zz,ising,0.5824824345397914,8.744000000000018e-05,20.0
zz,heisenberg,0.6156995793524993,0.000559055503061596,20.0
zz,ising,0.6156995793524993,3.4781176470587497e-05,20.0
zz,heisenberg,0.6507978703820303,0.0007137778966427035,20.0
zz,ising,0.6507978703820303,7.981647058823457e-05,20.0
zz,heisenberg,0.687884543396611,0.0007042547926376062,20.0
zz,ising,0.687884543396611,0.00034419294117646803,20.0
zz,heisenberg,0.7270729092656556,0.0005799362697119342,20.0
zz,ising,0.7270729092656556,0.00035765176470588293,20.0
zz,heisenberg,0.7684827001583452,0.0009027769976995377,20.0
zz,ising,0.7684827001583452,0.00011831058823530072,20.0
zz,heisenberg,0.8122404353611758,0.0006608736255940831,20.0
zz,ising,0.8122404353611758,0.00014795764705882212,20.0
zz,heisenberg,0.8584798078321985,0.000695976893925401,20.0
zz,ising,0.8584798078321985,4.621647058823607e-05,20.0
zz,heisenberg,0.9073420926729565,0.0006994745368907706,20.0
zz,ising,0.9073420926729565,9.139294117647047e-05,20.0
zz,heisenberg,0.9589765787661355,0.0004747437933250676,20.0
zz,ising,0.9589765787661355,6.616941176470597e-05,20.0
zz,heisenberg,1.0135410248977268,0.0005996469826751329,20.0
zz,ising,1.0135410248977268,0.00010240470588235324,20.0
zz,heisenberg,1.0712021417572508,0.0007786063837041412,20.0
zz,ising,1.0712021417572508,0.00022249882352941218,20.0
zz,heisenberg,1.1321361012887499,0.0007072474530959214,20.0
zz,ising,1.1321361012887499,8.089882352941206e-05,20.0
zz,heisenberg,1.1965290749487107,0.0012094085418957164,20.0
zz,ising,1.1965290749487107,0.0001197223529411766,20.0
zz,heisenberg,1.2645778025155154,0.0009861624669211708,20.0
zz,ising,1.2645778025155154,0.00016089882352941318,20.0
zz,heisenberg,1.336490193188254,0.0018870129990802564,20.0
zz,ising,1.336490193188254,0.0001455105882352938,20.0
zz,heisenberg,1.4124859608114548,0.0016132534172457853,20.0
zz,ising,1.4124859608114548,7.703999999999997e-05,20.0
zz,heisenberg,1.4927972951665573,0.0006191709079832817,20.0
zz,ising,1.4927972951665573,0.0003155341176470585,20.0
zz,heisenberg,1.577669571381064,0.0018012741405649363,20.0
zz,ising,1.577669571381064,0.0001831105882352925,20.0
zz,heisenberg,1.667362099622907,0.0010185710833769234,20.0
zz,ising,1.667362099622907,9.83576470588238e-05,20.0
zz,heisenberg,1.7621489173704834,0.00044043629053304304,20.0
zz,ising,1.7621489173704834,0.0003250870588235292,20.0
zz,heisenberg,1.8623196266790718,0.001196916061840158,20.0
zz,ising,1.8623196266790718,0.00026358117647058883,20.0
zz,heisenberg,1.9681802790016327,0.0010937899062691896,20.0
zz,ising,1.9681802790016327,0.00018391058823529432,20.0
zz,heisenberg,2.080054310267486,0.001597276989078838,20.0
zz,ising,2.080054310267486,0.0002077694117647057,20.0
zz,heisenberg,2.198283529075721,0.0013449151260453056,20.0
zz,ising,2.198283529075721,0.0001028282352941178,20.0
zz,heisenberg,2.3232291610226077,0.001032726340545676,20.0
zz,ising,2.3232291610226077,0.00016744000000000036,20.0
zz,heisenberg,2.4552729523537717,0.001837893881946457,20.0
zz,ising,2.4552729523537717,0.0002088988235294123,20.0
zz,heisenberg,2.594818336313024,0.0010012396439333284,20.0
zz,ising,2.594818336313024,0.00020725176470588223,20.0
zz,heisenberg,2.7422916657515284,0.0009771653334414102,20.0
zz,ising,2.7422916657515284,0.00031059294117646884,20.0
zz,heisenberg,2.898143515763133,0.0017649687732760508,20.0
zz,ising,2.898143515763133,8.979294117647128e-05,20.0
zz,heisenberg,3.062850060325979,0.0011684043343139243,20.0
zz,ising,3.062850060325979,6.93223529411764e-05,20.0
zz,heisenberg,3.2369145271562694,0.0014048453535657707,20.0
zz,ising,3.2369145271562694,9.28988235294119e-05,20.0
zz,heisenberg,3.420868735219366,0.001468792945038582,20.0
zz,ising,3.420868735219366,4.9039999999999984e-05,20.0
zz,heisenberg,3.6152747195956465,0.0014613828490990944,20.0
zz,ising,3.6152747195956465,9.906352941176468e-05,20.0
zz,heisenberg,3.820726448665623,0.0015060967968573407,20.0
zz,ising,3.820726448665623,0.00011026352941176461,20.0
zz,heisenberg,4.037851638860895,0.0011190810217982996,20.0
zz,ising,4.037851638860895,0.00017849882352940921,20.0
zz,heisenberg,4.267313672525386,0.0012452049891907015,20.0
zz,ising,4.267313672525386,0.00037167529411764725,20.0
zz,heisenberg,4.509813624746718,0.0013070241567490935,20.0
zz,ising,4.509813624746718,0.00013840470588235358,20.0
zz,heisenberg,4.766092405350053,0.0007763223560704172,20.0
zz,ising,4.766092405350053,0.0001833458823529413,20.0
zz,heisenberg,5.036933022599099,0.0007157526069319362,20.0
zz,ising,5.036933022599099,0.00010711058823529485,20.0
zz,heisenberg,5.32316297552029,0.0005124423065357281,20.0
zz,ising,5.32316297552029,0.0001723811764705891,20.0
zz,heisenberg,5.625656782159669,0.0003684158042634941,20.0
zz,ising,5.625656782159669,6.311058823529378e-05,20.0
zz,heisenberg,5.945338651496844,0.0006182681531800453,20.0
zz,ising,5.945338651496844,0.00011209882352941199,20.0
zz,heisenberg,6.283185307179589,0.00038735200554248584,20.0
zz,ising,6.283185307179589,9.595764705882373e-05,20.0
